,ene_y1,ene_y3
0,22500.285805323136,21373.667691464903
1,24154.20638299957,20610.368446883767
2,23286.829091400905,23740.955558119105
3,23525.363104196585,22183.800634402178
4,21396.74943084194,22835.017099641955
5,22183.231608201273,20960.22452812883
6,21927.07773720305,21545.51495050941
7,24808.562649118045,23265.99826719733
8,23678.68560279528,24192.17399381591
9,23329.857043097916,23123.890185055767
10,22390.668987046087,22014.186845131906
11,24415.14701403843,19979.161456725386
12,24057.921206329785,22096.700892615972
13,21505.605611800882,23889.31382759842
14,23418.830342799498,21508.86022887018
15,23110.121009533534,21934.68102049816
16,24069.048720402156,22852.33455240001
17,24869.18573162237,25187.18224803996
18,25371.26809249936,23836.32028550002
19,21373.442903645497,23338.75986841014
20,21930.05581550418,20600.603595226665
21,23402.57167695451,21560.387027224977
22,23717.706386271344,23830.790538655892
23,21851.802152496857,22862.05291639732
24,23593.9212143192,22669.130733148726
25,26532.644181095544,20100.367440806815
26,23642.347854102045,22655.491532501503
27,22129.41112569707,24093.46217426942
28,23497.546755499407,23960.36322715049
29,22304.339592281194,21516.367971153002
30,24319.15509391836,21876.785301600878
31,25045.72500123456,24990.87956609976
32,25706.366927802796,24201.749304511075
33,23618.435152039092,20766.697601599455
34,22625.752293797843,21454.85872679401
35,24535.099666381655,22403.4280360706
36,23069.952827577526,17924.990462397414
37,25068.794869900248,22877.90704227199
38,22067.863710401947,23386.14936540657
39,23073.717936730864,26305.424346119755
40,22118.985589902426,24761.699377596487
41,23410.59983820077,22600.51243919549
42,24171.421805340062,22476.265086879313
43,23404.623831293815,22936.93790380168
44,34016.89673970385,19288.886078002164
45,22851.183634299483,22769.510449466186
46,23829.354177900324,23607.413422499692
47,24109.08294222206,21647.41441205079
48,25817.733220396716,20056.377700799698
49,21264.319289999075,25363.27617309752
50,21279.196467604612,24243.73256439678
51,22917.4383703018,23252.19471401894
52,24102.821791220034,23856.175390597044
53,21926.386218701107,22234.760564961467
54,22911.760825663612,19649.442461665578
55,23120.521738904416,21972.908627241562
56,25099.3565898969,23787.481370967773
57,23540.067158100075,22806.622295597997
58,24082.448222800303,22745.126470571166
59,23844.10397869947,23177.472215663325
60,24510.449138802473,21496.887562954507
61,24037.78517460308,23414.44684789651
62,20014.86657009995,21203.51199019835
63,22990.210412399203,22216.244880847917
64,25063.650339002448,22361.538615802823
65,24273.386446694636,22857.256483576668
66,23517.160662047554,23424.72316563586
67,22964.949900001873,22189.870542961733
68,23571.451220497805,24794.04642609916
69,24690.55387821162,24050.440053660262
70,24188.61204119821,22475.932897159848
71,21018.351344901203,23638.18676279637
72,21759.33595020295,22901.700508398495
73,21091.886664483398,25945.840733438283
74,23212.411191398565,24241.73577574345
75,26906.15668000235,22808.358418856616
76,22962.76077110131,22371.95750442075
77,23172.363865798387,20907.054659094196
78,24250.147611692744,23503.51834027719
79,23905.21897997915,23310.8046224426
80,23111.1652867045,20676.537121776986
81,22192.0419589951,24036.151359497144
82,23866.36638335858,23653.969015358736
83,25078.37272669678,22271.710682502442
84,21016.851815336522,23331.667576203163
85,25170.781405077014,22695.67996175062
86,23886.150516892994,22130.414475994487
87,24209.658890797444,23969.31965445747
88,23088.27040239127,21284.37103147843
89,22557.66404619795,20325.65687123618
90,24314.02803959931,23407.521732687546
91,23767.501862870122,23762.004307106527
92,24469.45283683717,24348.13837030064
93,22473.922032942286,21736.251466918937
94,20904.326631821008,23361.881474707723
95,21815.512276351463,22622.56647830342
96,22908.063809239055,24174.03353186823
97,21338.89943013853,23537.809754592752
98,22950.49034220176,20545.305925989167
99,24224.747887052356,23860.879917300375
100,23881.952156800635,24756.981786695338
101,24268.969043796587,24490.79623766107
102,21705.756765306134,23079.85503395697
103,25308.925691899265,23717.028343977236
104,23534.981079101057,22478.752621898377
105,23173.229118898027,22087.782210171627
106,24762.055350395687,23341.52660493579
107,24670.651733101193,22247.754627304184
108,23226.760943101348,25007.316207605592
109,24469.645936524834,17952.194177574886
110,25028.099330152225,21699.64259929504
111,22929.326126304146,22399.379582991336
112,25413.615459299464,17345.125284599646
113,24192.288979103112,22324.43602759711
114,25986.122493678293,22971.032482785642
115,25151.69436129921,23157.420196003975
116,23725.967791223917,23129.28220332617
117,24534.576308539486,21730.66848353032
118,22504.25867350069,22172.027353031364
119,24108.339211290237,21482.21697329137
120,24546.66918741531,23027.38723554376
121,24797.726964600548,21683.59890005785
122,22678.970425350104,22023.516367960347
123,23065.199690798305,24047.65197665095
124,24116.355832817724,24321.68353660409
125,24810.343896200746,22560.22567561492
126,22750.799054506846,22466.345575895404
127,25368.9401197024,21332.509536772624
128,23254.977666199004,19976.11965533625
129,23909.67237545056,21701.51221535401
130,23183.887609702688,20029.498066671687
131,24761.729767427536,22222.35005687937
132,21331.08766630365,22747.606242793307
133,25346.080344050355,23568.651475475534
134,23591.021518953505,22957.365794847752
135,23316.861778997783,23016.669615059505
136,23666.299480700367,22387.469519393984
137,21860.109424997023,23568.04797059807
138,23560.823370519807,22243.125608065857
139,22693.32699973416,25248.729930179332
140,24686.20121079855,22304.235587680505
141,24163.599083750396,25157.758370712272
142,24963.850512097048,24206.893974198905
143,23289.764957051502,22740.620385796636
144,22556.271027004263,20716.71030358326
145,24525.856225299398,21611.1781534977
146,24989.902301797603,24056.39370240116
147,24902.676493798223,23176.19540880744
148,24167.658022157844,22554.406334046722
149,20990.96500670147,23908.54258120931
150,23326.949832921975,23870.589533084716
151,24471.580000397196,21906.242759833163
152,23260.057004280985,11397.188476364276
153,25898.7344423987,22623.70038870738
154,21778.441747975034,22130.274655953406
155,24612.877873796104,23454.63394530008
156,24023.632397697304,22111.83637305612
157,23278.264222618353,23523.50117659651
158,24611.380706267657,20674.10597454385
159,23388.675110467477,20201.16254067755
160,23758.857834895854,24747.822817687917
161,22953.345422426664,21989.1976351681
162,22404.934959167207,24959.69759459891
163,22990.05547710138,20648.996040003112
164,23883.99613190157,23034.641519807145
165,21546.225546149875,20618.631336684284
166,22834.6619880507,19541.629853260165
167,26325.334212658458,23858.92349258454
168,22773.718183235163,21243.937003603525
169,22862.872453360003,22944.91015432929
170,22628.424878400783,22465.40304285695
171,24625.08187699967,20918.463156519294
172,23838.993382931345,22638.884905689578
173,25435.335086797833,23122.84433349588
174,21433.300247135536,21541.915125015043
175,23922.99323980091,22882.822200995855
176,23146.372328300506,21684.526594421048
177,25488.64092891088,23908.787375899734
178,23431.624278001404,21858.53228491521
179,23734.45238195088,23499.6605114193
180,24312.74499489601,21688.655086614104
181,24045.905235867096,23183.731910616232
182,25393.435224497236,22446.803876983315
183,22999.081956990794,23659.493402995806
184,22819.43738427239,23057.94305237883
185,22495.701934298497,21295.368144652013
186,24388.166078290928,22968.922197961358
187,23138.086973597376,20755.708510107917
188,22306.03112930385,25155.89379489841
189,22238.064605599786,22005.539833950654
190,22896.911033099495,23089.504400586822
191,24087.259458903332,21815.441020012095
192,24286.084164078853,23411.88211699851
193,24174.135689205923,22420.20535778115
194,22920.767953860286,24048.997789994475
195,23158.547169039844,20511.12743280487
196,23509.851847696365,23312.06105373096
197,23449.672154704003,21826.60140128809
198,23455.8578159881,23218.07931655025
199,22694.85012420848,22301.549213298225
200,25226.332839119837,23050.25295467819
201,22806.514567780625,23360.15785818893
202,23177.012978741943,22379.030997504644
203,20924.372114397534,22827.848697198224
204,24479.332233298268,22165.997282865268
205,22224.141539995617,21742.69523469837
206,21975.38889870629,32969.97023029837
207,22144.005183328623,21021.105021152336
208,25805.73154579694,21672.74738317974
209,23369.275107103294,22918.510008925674
210,25098.68070878149,23606.875254350238
211,22604.85930650253,25366.861895895876
212,23979.378556400174,22302.753159121694
213,23500.85633880168,21984.899088505226
214,24012.866824402376,29999.79720550006
215,22148.745593274965,22858.550102501646
216,22622.055547795968,21098.42847200389
217,23852.04622079896,21825.599531708038
218,23282.850098938783,22306.72447635111
219,24033.470376699013,21888.059729697325
220,21980.18028049897,21420.387340249872
221,24670.094340602536,23295.530266214737
222,23349.15005280124,22349.936682839332
223,21497.78448340196,22270.45326125353
224,23613.88286240433,18040.96369507523
225,22251.79921113522,21858.016926159875
226,24188.456723540316,23175.59138382205
227,23248.394707782703,22321.904942485802
228,26048.400245167388,22777.015153789638
229,22675.907525697214,22985.305817431337
230,24649.82357650158,20509.84147789688
231,22775.5786487864,21378.856674075196
232,22141.96733319872,22598.580578793684
233,21255.83792257426,23536.559590301003
234,26324.62448650011,23995.645807296103
235,24736.370937400705,21618.112967949462
236,24161.911619634615,17722.174522101486
237,21973.495083503847,20647.531171484337
238,20849.71327909926,23752.791523208936
239,24218.029470719346,24024.272817797893
240,22555.715141094992,22545.589625395573
241,21089.567088592325,21173.379357841095
242,23052.18735130295,23016.184439998135
243,22149.37089429873,23326.196877341725
244,21202.28090945151,24274.608894866473
245,23847.173909478493,21951.963673794537
246,20490.12491110236,20958.991960505573
247,24097.73116259833,22143.296968476337
248,23475.190988603175,20205.406338737535
249,23739.29284048079,22689.64686165688
250,23804.264562321998,22172.379902795074
251,23330.262795087365,23389.88441536056
252,23382.344817297664,21198.599314348885
253,23677.12301110041,21504.198310484728
254,22429.825336338065,19974.04336141669
255,22332.27002079874,23652.356984682385
256,24440.335463759187,21971.487502533386
257,21422.393299201285,19745.45297629881
258,23086.92185903741,24256.41373727683
259,23806.681002167625,22745.51047509944
260,22510.287813698633,23149.06227681855
261,24293.55538350258,23279.87401267503
262,24604.345631503133,23040.415165515184
263,23715.631263698055,21024.24289740429
264,23336.287608599676,24416.790769070667
265,22131.36316184634,34314.155986501915
266,24188.272446597657,21706.462029791448
267,24037.889845400765,23077.015374959232
268,23597.185678615875,24751.214691163692
269,23363.713450145482,22401.368512043642
270,23394.509563798456,23259.543260899
271,22777.6009646715,22134.80594519649
272,24424.547285595163,23566.363396204302
273,24236.329000769998,23004.53424479732
274,22802.44498539896,22519.379512268606
275,23995.230759600352,19866.67225580049
276,23427.50980339838,22316.204283791267
277,22374.954669103,23210.410300979747
278,24010.877178753013,21626.490025101106
279,23223.852897929824,21594.314420075734
280,24272.117043097798,22554.19191506409
281,23332.344931097097,22888.753172542733
282,23611.454902201025,24007.307594884907
283,24225.760647993826,20987.307661703424
284,24800.715195798366,23598.44511180044
285,24000.736498900238,23639.70367877004
286,23442.300415891223,25690.125225596512
287,22927.015068916622,21799.003788075108
288,25028.846885403982,21808.087070613707
289,22519.911231244278,20489.63475202954
290,23467.035375369273,23886.679177624344
291,22350.734522001276,22348.103760219543
292,24033.046332299175,24330.51485899604
293,24103.430732698453,23001.85035560208
294,23519.17498699709,21619.633345301
295,23649.755262301333,22800.005866848634
296,24845.345455195846,23238.003138197702
297,24153.97405117815,24037.022873499383
298,23668.948508707508,21073.424617292836
299,24679.096817076428,24088.85071989896
300,24794.856510601538,20863.93715947
301,22711.865184087805,21337.08679271977
302,23703.411891158106,20627.967379013488
303,24729.505852500115,21991.67048432616
304,23500.880470382213,22652.43155569902
305,22334.527376577753,22120.152632253066
306,20359.608108596418,20266.366193099584
307,21956.36331050175,22747.827496639806
308,23465.02098209981,20029.180734822843
309,23550.070144702895,21655.21908929696
310,22657.026014200663,21594.98264265074
311,22778.730435848047,22713.195020351613
312,23947.54251319194,21145.9955486748
313,22034.43692129961,23393.57176939708
314,25349.11230460155,23174.91120970622
315,23278.361056400332,22982.525569133828
316,22619.848830681356,19737.694785409207
317,23269.81565129736,22032.440203202113
318,22646.535976510553,22929.30936990894
319,22566.90677020009,20828.007380424246
320,24764.09543149922,23226.6758109836
321,22053.400302342034,21820.574493899723
322,22363.18436769966,22402.06665231049
323,22319.685294401606,23203.01728782722
324,22897.582552291897,21489.06429155059
325,23615.055137899453,22887.94755319446
326,23309.780529198077,20504.150453683455
327,24133.662133599824,21642.56902638983
328,23465.622178698613,23013.098254546076
329,23024.643256500607,21558.720353827728
330,22894.38914000515,21546.311107560243
331,23594.035054859036,22068.209638790562
332,23402.00391545818,21437.43971932027
333,24968.587232880665,31163.228432200423
334,21553.55847917006,21172.824267242093
335,24138.21188000156,24125.080507597406
336,22467.445138599112,24497.640556959024
337,25397.336926597916,22180.180318516355
338,22852.03752709805,23481.865862974195
339,36333.12756559957,21144.19152214863
340,24673.69786319571,17335.000778433805
341,21287.29308820255,20137.326647197384
342,22833.44414157859,22166.668421916216
343,25138.873200997958,19989.064770052548
344,23271.00508869574,22192.98666116988
345,25231.75525679864,21504.764686399427
346,23652.999729798456,23451.047163006384
347,23588.391088857243,24354.442149086022
348,23893.513818501237,20926.71708824887
349,22288.739651430264,19697.105738297993
350,23964.117650901277,22567.98854589709
351,23961.35190627148,19496.120230605753
352,24186.29766170005,23137.66380989631
353,23782.88198940074,23400.71244259495
354,25537.997342698312,22596.14816252128
355,25958.767522005703,24352.417162795566
356,24122.618754001338,22438.16694690005
357,24085.378811457285,23444.710947600262
358,22656.118452201852,22189.820729182276
359,26203.009764495542,20616.040307117582
360,20480.74827641963,22838.973575298867
361,23467.05584954886,23417.75389156535
362,23927.874800602287,22147.13966259829
363,24565.7963870201,21372.343591639943
364,22816.80335293484,25184.488581867383
365,22292.369796200335,21622.415474004134
366,23173.48897099558,23113.4864405572
367,22731.296949960735,21789.662431696226
368,23689.95464067282,22480.800626244545
369,24086.751414070255,22352.431312179364
370,25320.130226488473,20537.208972406705
371,22394.31191329991,22725.577208308317
372,25012.35452710071,21632.867573878386
373,22076.608815403386,22790.867299178113
374,23483.915515795674,18678.31001090813
375,22685.960938997487,19453.84477987057
376,23379.352491603342,16230.344321743632
377,24630.399077698556,20943.878701601763
378,22353.59603263757,23395.49607035418
379,23466.057810100534,19970.070831561286
380,24664.235444497554,24094.087384760838
381,23183.973077800747,21909.565244397676
382,22753.14705000013,24422.434635457812
383,23583.948227100675,22830.991757525862
384,24005.68321139862,24174.545872789415
385,24717.17737657874,17615.924349432207
386,23755.100200811976,23427.8310503557
387,23651.570787298646,22606.85354259734
388,23627.626008097464,22674.14551886855
389,25206.17677440006,21931.39514348332
390,23529.305925760917,20886.91377489925
391,23507.485660802624,22463.439177608725
392,23966.538766358477,23668.66245490094
393,24050.54677989555,22747.591914729826
394,20779.81134871252,20820.072472788463
395,22199.837241744415,23236.714172824075
396,23463.948307180086,22643.177574129713
397,21898.915603602116,22155.807664999225
398,22205.277188999746,22130.729014428514
399,24189.703195654292,21047.58577300543
400,23181.62916209978,23427.00427180121
401,24405.910318603772,20790.84873456238
402,22743.76050630189,22701.142845499402
403,23869.485519449026,23693.08429004835
404,23846.277184514616,24484.98093430021
405,22785.559056532882,23702.972023689876
406,23978.775123099313,19715.823453133464
407,22947.6637037003,24231.681231119168
408,24245.571697603275,23257.891755414417
409,22946.090779369588,22881.109101638813
410,22994.42542890378,22728.873363303792
411,24455.350131901276,22528.71044323604
412,22989.636852989275,23095.57297417779
413,23550.20497719923,23347.538110181467
414,23993.188116098492,21603.94811499049
415,21827.252328894298,22520.377511106475
416,19551.590486701927,21415.57208428898
417,24052.82615940197,22898.697250808753
418,23119.2763161977,21928.868338412532
419,22138.099044901377,24063.226064662114
420,22431.384681301275,22188.657647718304
421,23845.23425696332,22056.03959296345
422,24067.23958660154,21549.3356492315
423,24759.962444390385,20904.38749548672
424,23280.811164693845,22046.9414226385
425,24461.856483701536,22880.806529903133
426,24038.29446629727,25037.70169184402
427,22355.243784897015,22877.752300427397
428,24487.960244396716,22497.3306525211
429,24638.597294134255,29819.649246998146
430,23900.52748633014,21354.250100006106
431,22516.92514900109,23238.493005793116
432,23507.616471529484,23979.545241214815
433,24598.801456497215,23167.14284712862
434,24018.265216298314,23915.121829885902
435,25856.219399397287,23262.909126426865
436,25118.096934558842,20711.63530990713
437,24502.69593012299,24034.73587667718
438,23460.508025395844,21497.10104116651
439,23115.762886964734,22495.908010707237
440,22297.716423760703,23188.623586398786
441,35766.001419571534,23210.885207611445
442,24324.212315601108,26538.83001965864
443,21383.746485601936,24141.485591400822
444,23513.971180001125,21695.93848732507
445,24066.556633498596,20751.54807074991
446,23731.696072600735,22506.022056151254
447,24500.886040694495,23233.707697186048
448,23886.616247297366,21290.421096799775
449,24801.70778340199,21898.215809102305
450,23395.49441972989,21609.502741101987
451,23908.30623850253,21173.328127331857
452,23102.753882640947,23175.101783742404
453,22867.82946679944,23253.812634998936
454,20499.155107086735,24149.918391034167
455,23290.824540601156,22330.041848288183
456,23334.489960906318,18196.369052635397
457,22791.59092949841,22290.85195490362
458,22449.02659261174,22157.047352199104
459,23702.770075803037,21836.793788989628
460,24301.341210299805,22225.971446502124
461,25350.816234307287,21990.754213005006
462,23444.85073470369,24282.751475200595
463,18690.529206100262,23553.995142061478
464,23859.349920896995,21806.61220249592
465,26161.95842025217,21136.20398705876
466,22352.866576823602,22651.38567413364
467,22120.572713700927,21340.77270100053
468,23996.336623295465,23025.511539426505
469,23859.697444117963,22349.113838750673
470,23799.15474169929,23242.605189802205
471,24499.38282026822,25895.742501605557
472,23749.341123823066,22453.644078500765
473,23231.49582450246,39238.64873939428
474,24203.59206019612,22912.751567097344
475,25865.375881100877,22177.00429112963
476,23832.617381400523,21677.513097791554
477,24820.133764195467,21846.85595484331
478,22527.615829130074,22799.67142749357
479,22286.995865038865,24131.034923094412
480,26690.6872932018,26351.55220791639
481,22624.426465233842,22281.13153839589
482,23650.090897504513,23459.323957053093
483,19073.978835713988,22113.90772452891
484,23411.819822339145,22676.159233627393
485,23290.944921686572,22868.654558845687
486,23945.193432242508,23040.809591458783
487,23381.938448758807,22848.064736118868
488,23080.751020270898,23816.382733573475
489,22330.29064446005,23778.601496277464
490,25259.494310799073,23174.974085794194
491,19177.05928726684,23522.82919433916
492,22679.08100231889,20777.650641786408
493,22270.787226875367,21848.33949757252
494,24216.993334499835,26399.418295993743
495,23852.41682345589,22683.36008032187
496,21900.866544703524,19726.58211624227
497,22925.53096680401,24131.970058698924
498,25527.90000859989,22968.437403096075
499,23136.882456999898,24284.537089607744
500,22605.778161602066,22442.136653903082
501,22387.77664160777,17530.472405800992
502,25155.983630799143,22911.515111647306
503,22277.190130218954,22923.70127902138
504,22866.935501500175,21799.273898282405
505,21106.58580282315,23386.749279087428
506,22130.748202503804,20442.46756873902
507,23997.616900506222,22433.204809376337
508,24204.31459929955,21250.66827949997
509,22942.626462672946,22718.68274339896
510,24262.408617892586,22128.275415835185
511,23344.538072300405,22830.904103502104
512,24750.628604468748,22726.08738931514
513,23849.330830376348,19981.709972873705
514,21137.658574103094,22855.086041902177
515,24896.64984659844,23088.64752429923
516,23601.15033450117,20980.19826008172
517,21648.801366429678,23468.87311416516
518,23557.539990725938,20855.67700611518
519,22938.490617347503,17456.87011645288
520,23748.0604649009,22783.050967110474
521,23119.409138802257,22754.123562303568
522,23566.42042185072,17893.60643829138
523,23043.219170098102,21752.11600353346
524,22962.61099350104,22733.88731697503
525,24040.214110098594,23989.07482520155
526,21834.696883699395,23618.261157304303
527,23345.989643747886,24316.074834795785
528,20997.819138316918,21977.206547398844
529,23772.367032097605,20226.762340921996
530,15909.871350401141,23538.45658822144
531,24289.46789379807,22695.789188101207
532,21753.593896282044,23882.152766396535
533,23282.507480101183,21205.96652039471
534,23126.85671532345,23080.9381402805
535,24715.680826497428,22749.873896239857
536,24063.142951159516,23884.947401901172
537,23887.614974301625,23465.226199962955
538,22950.40401930006,23570.668428904533
539,24223.149551972692,24731.919751700323
540,23771.461154704088,24031.44392264157
541,22107.99589042705,22290.967105067237
542,22719.92068689284,22070.21926272016
543,22145.87350659876,21903.51206153812
544,22720.71950959722,22124.824549855784
545,25229.150428800942,21418.294453300037
546,22906.35010422127,22369.963884001972
547,25019.53341717281,23598.061641199954
548,23459.31939910239,32102.739480795008
549,22836.703437241697,21498.569823470443
550,25084.057325494556,21667.68809677854
551,23854.890380369496,19066.807913518234
552,23840.698158281248,22427.033802802318
553,23749.78719094191,24406.472169798573
554,25452.615336999545,24711.79008855731
555,23558.255604099802,24487.504907004914
556,22581.84851010455,21785.530391024397
557,19907.21979529632,23899.645224334578
558,24517.696176994836,23105.55050882707
559,22198.936296715987,22859.03223366954
560,23140.11180646223,21172.344689361606
561,20148.74235829869,23651.960086496536
562,22844.7809679545,21899.648006799278
563,24975.393230351736,21768.346837793953
564,26201.730635558626,23633.746370545356
565,23332.42401159603,20192.504404600353
566,23742.581089102267,23542.967798098944
567,23016.366902999147,23476.91614448225
568,24026.92483530072,23351.301183695516
569,21547.272551001362,23155.663950197817
570,23438.783286495698,19574.92435258954
571,23450.51071091827,21773.72344319244
572,20997.15622660587,21097.02330888881
573,31844.508071037406,22140.942708100378
574,23535.82691670084,21621.553687994998
575,23289.57318824397,20243.754207007107
576,22037.257426996726,21353.02612591372
577,23606.695610299816,22063.019849457647
578,24487.18566840242,20869.11030609807
579,24444.325402103837,22226.187815624035
580,24770.398225010817,21868.88085057419
581,22605.44178663116,39240.09469780251
582,22401.047796199276,24616.7571129186
583,24166.603113586483,22841.11397301428
584,23263.847788597806,21607.5950941275
585,23574.714491133967,20630.37267243866
586,20675.817660199526,20643.722479336135
587,25413.50296849981,21276.291081699466
588,24463.75057379658,21664.929149101685
589,24383.779943402707,21686.031543834055
590,24382.561759900425,22566.208595721546
591,23361.61276301887,20069.924541473767
592,24870.078853099993,20851.448660714785
593,22426.945543997404,19321.904592876053
594,24298.981686280607,23104.737496882764
595,23674.82566680047,22649.57752260211
596,24540.71671649526,23329.80816709652
597,24719.883751010457,22169.962600499068
598,21911.193538204378,23006.852702397828
599,22088.072107402262,20905.203001302492
600,23224.300466909008,20517.14921098278
601,23280.6424787006,23868.61919022358
602,23912.142127299776,24698.282281999596
603,23125.902378206716,24064.67746849867
604,23360.549370837292,23863.594963926826
605,24760.501605160232,25253.198477299327
606,23447.279075096416,23791.186039699336
607,22783.992676825084,20925.740353547135
608,23128.60252717633,21250.86124246898
609,23871.393109898785,36591.7258825545
610,23904.61539739582,20947.62652838028
611,24321.195792300725,20993.354319104863
612,22623.982251196856,33424.62134470181
613,23994.443064697323,22869.416448074757
614,22964.34414599709,22839.87366448911
615,22486.102018530746,24278.941839899217
616,23137.863458702574,21087.27490681119
617,23873.337149401377,22241.22543480418
618,22529.42797959654,22416.490209502997
619,22745.772890675158,21728.290390446935
620,23724.421843296444,19360.92844998571
621,22477.5253330008,22096.397585387316
622,23621.400899002507,23056.040456739025
623,23079.55845609705,23892.611838098514
624,23442.76830989452,19116.951566221167
625,23067.197621296,22512.941026816694
626,24007.75459250072,20865.67607022817
627,23007.14380188914,21444.50866631575
628,25297.72471830191,23883.83784627961
629,22784.808629481893,21895.183875696875
630,21505.397977853394,22390.883429505673
631,22742.67147923245,21566.37708491574
632,24393.602009297472,17333.644158142088
633,25388.158730476505,23997.114467998203
634,23603.623193133466,22998.6095162001
635,23035.27123330258,21294.347117195404
636,23214.779489898978,22674.308833141185
637,24939.729608897956,22132.374077600278
638,23273.79803290027,21907.70141063627
639,24556.071350821967,23250.03717731946
640,24529.401603201368,20615.262299628026
641,22762.305339651757,23535.674373740712
642,23970.04592139656,23671.309167398416
643,22306.092186931062,21982.39216413932
644,24943.313348565367,21419.568198993515
645,24802.59672129926,22834.59708980145
646,23388.595859704445,23065.095226897447
647,24818.049355939667,23495.9800243002
648,22418.476947593947,20760.826152534853
649,24838.48317379972,23743.62545520311
650,19584.260815363985,23056.682744827078
651,23736.960935496638,23256.27205079025
652,23071.39983719787,20245.092814105334
653,23463.794657860195,23515.128684847405
654,24058.16436280234,22770.467534461044
655,24341.875411597368,25504.418503370744
656,23670.39814830255,21244.245287015565
657,23324.722341129473,23552.80998829544
658,25010.053181701278,21709.8437994729
659,24802.660974198883,23464.528082897275
660,22586.346629098054,22560.639226926964
661,23427.385427370238,24599.402613394293
662,22151.757486999843,21022.790640118463
663,25552.233939400718,21893.921580037066
664,22197.880839973408,22847.004301342622
665,23678.846084838653,21224.03018029093
666,22447.47698556531,24255.22669319772
667,21936.466044801313,23088.78612168787
668,23202.12959719849,20800.203604033355
669,23502.22130318883,20556.112338373274
670,20762.400425003427,21770.110301448138
671,24672.88972830277,22512.13991207969
672,22306.165160051532,23000.95721840724
673,24116.0260795009,22584.460201729165
674,22395.324000511257,23420.495519647528
675,24947.818726394984,22499.629335317786
676,21047.304626773068,21967.68081254096
677,23924.900428611894,20867.665151171375
678,24560.473718496603,20324.838110606655
679,23846.463470220344,21758.076030862107
680,22592.078613296508,24873.00020230056
681,18982.152892464503,20422.098556899673
682,24519.874264272163,23915.537776885725
683,23132.14838640126,14550.467256263326
684,24199.20683179745,23369.000725698686
685,22179.776287696815,18366.578763102818
686,22305.85797929629,23532.111643760887
687,25862.88733799654,21944.291244475095
688,24112.431791300856,23056.12179069986
689,23738.966687073123,21977.620162491956
690,24347.330426899243,18175.947930028266
691,24427.374714997153,24600.05419522539
692,24107.910841102053,21936.307818009187
693,23442.080207098636,21815.543703726642
694,24994.308935888632,24036.112879928285
695,23720.942327161833,24566.162991501747
696,23613.703877699754,21988.968089607133
697,24037.192346703952,22050.610132315946
698,25460.777504496968,25278.18000050018
699,22143.220034700975,20979.68293160197
700,22587.96861109614,23459.913460886506
701,22564.49997370039,22545.661946496788
702,22817.509454701412,22442.96971396086
703,22381.47752100439,24027.575756001115
704,24228.41367320258,24262.431490796505
705,21854.38243580291,25675.01358468769
706,22830.146265667892,24080.361036998234
707,24597.213669997687,23944.260992636624
708,22068.177216905187,19224.17431890519
709,23387.364106616435,23663.625158877563
710,27136.1279493296,23131.255050877935
711,22742.48096204144,23420.28459878812
712,21947.49411722658,22781.54090423878
713,23488.992252757973,21982.226465503787
714,22413.627499366314,22857.490477339183
715,25334.35795427723,21707.885867540223
716,25721.66744193733,19428.859121470345
717,23243.077793402183,23638.56963743165
718,22209.669871273323,22411.22419624211
719,23672.4617779954,24700.451861500365
720,23182.72129220061,22611.792294815365
721,23404.362721896967,21206.922809557615
722,23413.833152798517,22754.0255806414
723,23781.477943103797,20647.07271566638
724,22869.968508298873,22543.72103793872
725,23358.62471320683,23656.158641499587
726,21489.979971800094,19308.405283499604
727,23062.041253045114,21394.108829648205
728,22500.986218162932,21048.141519749926
729,23057.59371690256,22756.921099351384
730,21707.91818571515,21108.512434826738
731,23356.585015792018,21597.506378347633
732,23761.63271020269,22142.540081998686
733,23354.7258936113,19723.755958914757
734,22019.39166674114,23888.398794948615
735,23907.926852400997,20095.695787105808
736,23946.06437308559,22491.05512102739
737,22800.33176433239,22319.650208270228
738,23810.34248234853,25411.893577218503
739,24574.420527798145,22129.85051750728
740,24654.49155191014,23395.877597295188
741,25135.21966182041,23737.65372583913
742,22349.228067284326,22433.362677073914
743,25517.00369555948,22842.310856106604
744,23451.79622560584,21362.371361574522
745,22639.673999720126,22490.544837254358
746,23909.432593399568,23526.937849096656
747,25245.807961895018,23356.417949200564
748,23041.65504403314,22740.452357701626
749,20355.625771454783,21793.95784968334
750,23793.712042197043,23580.50198819515
751,23203.50661943638,23452.6053607015
752,24749.656065495252,24018.213916997647
753,23117.62343530022,24377.755028896772
754,24718.383056188184,22895.95393574975
755,23892.347824397337,23797.630765500955
756,24015.495821503406,22814.953670528106
757,22712.649227205784,20987.189151218892
758,23400.889455288645,23863.968464997106
759,24735.539825899978,21109.188375699232
760,23075.229506901855,22954.28236446539
761,23130.40519230171,23362.387766118893
762,20575.31285880624,20842.114581441198
763,23571.5320736,22914.573320523014
764,23294.381113601,22440.735261930215
765,23503.408188498113,22606.208657435724
766,24730.46406119782,22566.244647702373
767,23494.863373599248,23520.609108208162
768,24772.45314590254,20770.670701333624
769,23952.507102201584,23150.72248032252
770,23836.63936219967,22457.117246126014
771,24288.945637214983,23243.21859545128
772,21860.117380334796,22058.20061333636
773,25558.585942000293,21840.80812216654
774,20942.777242407697,21419.95307120315
775,22815.20072150545,22942.86759280822
776,21833.376818002274,22212.63086545896
777,23576.24037259685,22802.254605167513
778,22757.851921496633,23460.083015999287
779,24226.296541501022,22924.134028341046
780,21289.46180034856,21604.128953402316
781,22933.002937801073,33856.09386069511
782,24678.92225019996,21537.677368452365
783,23355.60934179959,24494.549511194644
784,24798.686382255637,22504.694681400255
785,23813.077278398992,20196.585125463025
786,24262.090980399298,20040.9743386021
787,23193.59145789982,21197.670444901694
788,24916.811524197507,23631.202606079358
789,24012.811571497976,22246.234225841512
790,24699.03519290239,22444.46345927863
791,19901.796348602715,23172.012513397807
792,22333.83615799959,18876.172332963033
793,22581.14800210872,24078.475131268293
794,25205.92208430067,22021.45133798171
795,24776.376869898428,23357.653626148156
796,20424.21832413475,21678.788251696376
797,24274.057271202575,24394.56545019807
798,24170.42428329592,22259.824233996616
799,19099.05795950445,23418.839589720188
800,22287.741740181624,23234.57962680111
801,22879.576216597085,26618.259278904887
802,22518.982444512007,26544.132702460734
803,24211.167229897557,20104.702822598825
804,23022.36989490251,24203.671835904832
805,23740.796843100634,21342.486005722538
806,23365.439118402053,22290.599403600474
807,24447.912764102144,23470.6808117562
808,23351.15007047179,22822.167071301064
809,22651.133336923383,22703.865653401488
810,17560.228950503457,24958.151291159575
811,23814.713836002644,23477.87162046871
812,22757.81798739953,25234.74729060051
813,23936.95674550157,21173.893831837657
814,23158.212284688274,22745.770645302404
815,23201.873230607725,22063.603286510508
816,19409.681842660382,24607.55178979681
817,20853.439433046908,37001.32348999454
818,25325.539063000266,21957.527112100375
819,22279.705615360264,21131.901117416393
820,25236.309544100794,23194.315257286482
821,21640.426498297304,22278.921333623606
822,24655.67922499786,24022.776533923992
823,22713.323296771752,23180.408907398876
824,21760.544411303694,22110.59376200123
825,24739.378707194406,23242.900848010886
826,22693.49062420308,21934.730531576235
827,25208.333867494843,24003.215639859864
828,23532.396396595683,16891.748062903425
829,22854.13049409944,21346.474719005888
830,23183.786739602252,22014.052023905584
831,23340.77530261107,21998.50730666747
832,28622.643417893258,27598.665194597826
833,23727.38539582166,22063.864644739704
834,23015.622132671117,24892.232764101613
835,22759.78077667521,23860.724529968473
836,23650.23521034917,21408.649688943584
837,24178.224696416455,22536.346965302226
838,23470.45046470786,21904.973489427193
839,24026.4665537018,21860.51611487263
840,24022.805617801478,22361.616710880586
841,22330.800243676542,20695.620887891335
842,17011.561082904474,22568.265469199232
843,23387.10235690565,20995.324952952113
844,24653.338360098467,22385.61045697066
845,24945.83466144163,19384.54715860058
846,23164.606989748547,21270.402786614344
847,23508.722874899333,36138.35922945206
848,21394.368104899953,21595.335001410735
849,22253.441109871783,20634.235982390084
850,22832.74127772815,30456.42729342649
851,22887.712614933793,23774.72495174544
852,24991.56861349969,22581.39080001017
853,23582.379716295967,21829.75537536385
854,22862.461432377608,22260.489782296416
855,23680.040809746624,22988.43410289787
856,38222.61800857017,22637.753212797794
857,22682.09847119572,19896.09597415297
858,22082.68376040116,22677.159446402406
859,22722.185161002406,31167.004774348592
860,28886.501327282203,24114.672969877345
861,24251.850213704052,22127.732631024028
862,24852.495505199662,21427.17542420099
863,22622.791322026653,24234.765890196744
864,22099.15239640057,23771.93503800816
865,23160.134557797617,23214.104367596014
866,21800.42948100526,22110.875294943293
867,24571.874736801306,22176.038497891965
868,33207.28216129954,22797.416696931163
869,22282.289623179087,22235.30386485983
870,25147.988497101993,20952.954221558342
871,22413.223662897497,21699.556758197123
872,21875.937732611746,24526.036134198523
873,24669.68209589966,20418.411409463017
874,21024.578241697654,24527.078535195556
875,23467.7930409253,22655.61944719959
876,22790.878157725092,21604.68761050215
877,23460.523764978603,21527.0207410362
878,21175.322924741176,24324.871019596943
879,25532.22953619824,22460.5944118495
880,23268.042842604114,21764.13517492046
881,22223.121978800835,21882.15799761104
882,22191.071848300548,22474.260075940307
883,23764.25104469775,21283.73459200646
884,23961.918121800438,22503.825360950315
885,23786.10273516104,21875.507644495596
886,23870.502207292153,21388.3134302973
887,25469.321325401233,22414.010123073538
888,22752.758412798503,22297.30854769903
889,24015.46871170543,21098.5556858265
890,24224.062299979138,20912.755307026764
891,22851.21134224798,22433.170627560823
892,18188.52425207654,22472.236904215126
893,22580.8879540403,24531.94802299786
894,22836.404808208557,22653.055526903154
895,20607.184699784535,24571.3148394317
896,25126.998962296435,23462.198058703838
897,24155.64839880114,22141.098167397085
898,23839.677070198428,24349.847958330927
899,23728.577288693923,22106.278236998187
900,23560.896220150782,21817.931002972135
901,22371.687361830882,22227.629837779456
902,24898.26832419742,21447.093984402858
903,22733.087883798704,23028.81127975494
904,23727.382307541182,22029.56800270758
905,24752.79441659483,22835.74457719769
906,24293.435521263844,22721.25176236145
907,23952.395747595285,23466.261607800545
908,22876.71981560017,23603.727887497247
909,24138.418831398187,22419.87767089695
910,24715.110551299946,21823.97443050796
911,22651.61549340096,24184.504191996617
912,23249.44389739896,24635.527124901346
913,22255.93910440335,20809.825185741793
914,24307.345891298013,22704.151187394233
915,22417.877673796724,22391.32214909847
916,23634.108148195308,22106.31088763293
917,23821.81963542738,15632.372035553672
918,24202.35146859838,22426.786264648723
919,24796.195637397843,24228.34405203114
920,22091.68689499253,24161.269285307924
921,23113.39961508841,20905.670763812603
922,23602.987739901684,21312.182643537777
923,23905.450390900376,22351.126058301772
924,24772.697178101058,22721.888774600327
925,21626.141438696908,22299.90259564177
926,25152.529972797027,22126.37053084669
927,23025.86380900737,22041.51609499683
928,24960.920849903247,23289.53267433956
929,22538.656216865176,21761.82929247033
930,29989.992916101066,24329.343660700175
931,22690.147387150973,20848.848572007293
932,22494.572743505854,19826.773339879142
933,21643.462382843318,21427.75799914247
934,22021.536003081263,19357.386549002862
935,22581.927717169838,22396.76758776165
936,23067.5196364709,22191.76032868304
937,22932.17248620313,25533.723901699483
938,23677.06600510184,21192.45742473011
939,22745.15167398826,23151.26450599818
940,21480.668830090704,23146.061126470104
941,24137.783830998073,22407.601080497832
942,23037.68523655669,22507.793375875786
943,25305.160359192494,23054.227871873463
944,22530.594974101234,22470.0693018632
945,18555.656370603254,22754.08621792997
946,23836.62986289846,20904.478293596952
947,24217.153164786745,22510.491012107883
948,23730.136018196972,23253.16756358491
949,22845.60520240222,21952.475039524492
950,22037.648804293895,22180.906113699024
951,22551.81094096806,22030.68826748045
952,25057.763224295904,21381.471136870303
953,23771.67365085826,23479.933052226002
954,24739.98417289758,26014.434999800083
955,21403.311538184804,23246.43115519887
956,24027.01130622068,22436.415564278905
957,25007.745700263356,21412.698786847257
958,25629.755904603793,23812.989123195974
959,25123.894679601974,20097.02782780529
960,23819.419120224906,23322.242110320003
961,22627.00933580326,22124.01241189898
962,25623.995493900467,24117.26668579914
963,22697.776730441776,23397.71201789879
964,23032.292661698633,23040.761109948577
965,22430.791849481568,21722.676901965286
966,23498.32771391018,25041.339135298676
967,22950.510776929434,22036.528284297365
968,21975.513458697646,21350.195638701327
969,24908.331948702937,21021.870284682784
970,24159.574940997816,21728.55746431702
971,23947.804131601766,23808.65160580119
972,21907.497672094687,22775.94269977139
973,24040.842244119558,23302.926336539036
974,21918.009399701205,21957.690315907672
975,25589.55760529699,20320.687983145468
976,23427.320933901115,21016.90459274136
977,20585.78932610509,24920.689607700057
978,24490.826302997164,23627.38607619665
979,25397.03115819951,19183.698551404734
980,24249.953120559447,21575.931918736595
981,23546.57939229729,20857.3220653946
982,19086.554486470795,21778.7310073683
983,25002.107293900575,20286.14340340154
984,23769.439177967757,22921.279715376128
985,24259.503524063362,22665.462773019124
986,24281.746395763377,21471.759621580673
987,22870.288030248117,22256.54236629752
988,23119.776954901332,23456.24100808732
989,23109.70760960516,22510.49070504264
990,23503.66066909756,23911.774538132082
991,23655.03116390106,21395.54829243364
992,23972.531908898305,24527.92968639483
993,22276.572263740374,22673.507613199035
994,23343.016982362053,22309.36897534202
995,21761.10502290228,21694.37018081596
996,23450.564354109774,23720.42467309903
997,23666.807952174524,25341.761063695736
998,26007.799763501826,22313.670960184194
999,22225.51094499789,23668.935113500298
1000,23243.36428980257,21609.645717740557
1001,24105.10577753751,24764.744141295923
1002,22462.841044701036,21395.07535710567
1003,22925.13584659883,22458.756852569943
1004,23234.215684902538,29516.07299550055
1005,24225.06171539954,22101.594211884832
1006,21840.732390844514,23431.781903298448
1007,22851.01233288352,21899.29743825725
1008,24451.50048580774,21160.265924887648
1009,25017.87922721117,21658.727955718583
1010,23195.080117596422,22663.700342542423
1011,23100.5026826992,21077.940965398277
1012,24000.754730654593,23801.542305591436
1013,25280.36730927121,22669.5121855417
1014,24672.188283277228,23194.7492853179
1015,24245.03888701003,24647.46533351251
1016,22679.63879169723,24398.186874201234
1017,24522.74744309539,20486.28080329375
1018,22370.2201971985,22717.096819277416
1019,23058.961608401238,19565.174254076424
1020,22256.35966222407,22056.637201321915
1021,21206.03967855912,22848.11226809814
1022,22010.78255530095,22687.779843138018
1023,23365.47327479829,21825.082615090425
1024,25816.2547622995,24072.768338098213
1025,32998.930874082536,22992.571925001517
1026,23720.872693499223,23749.823297228486
1027,24133.091268697495,23350.469845054537
1028,23319.930221773182,22613.42616539604
1029,24257.41614710044,19563.253807182464
1030,23893.954844700926,18402.017587803533
1031,25030.115941495027,22303.808348199014
1032,23274.12623262076,22140.169555042772
1033,22548.140772445742,35482.761690564694
1034,22881.68882290196,22456.780939218024
1035,22325.898049641197,22203.459403603476
1036,24904.572207659527,21733.70760456186
1037,22928.42020959983,22366.725893809402
1038,25036.210343599174,22965.076874047754
1039,20708.094733348375,21354.31337279563
1040,21291.44661439915,22965.152307903718
1041,25319.24880018914,21805.312064739024
1042,23373.379337349277,25970.19771452886
1043,23153.89709173003,20648.701344678688
1044,23762.481438799572,24528.064988431415
1045,24399.12948357032,23210.653108804974
1046,25118.911936079523,30056.551742798867
1047,21024.06304721055,21861.386845790894
1048,25020.03120639721,24218.429180295672
1049,24357.28431529772,24449.672502898196
1050,29965.982459499955,24634.68973593936
1051,21805.985588297404,24459.690777238466
1052,20471.434683301573,22443.710226314564
1053,22649.58284555035,21047.528897565106
1054,24102.50718140249,23983.688305602172
1055,22285.13873199792,19734.814316497275
1056,23287.742751093785,25203.574761799864
1057,31081.66472079684,19896.28668470866
1058,21508.529851590156,20764.56909806529
1059,24923.518333704214,21646.09600674966
1060,23959.99706559201,23244.867168252364
1061,22077.436659293977,23669.464902289008
1062,21913.65337689362,21447.999955598407
1063,25278.72896144951,23043.773605163857
1064,25108.725828301478,24966.885173384446
1065,23327.994741999235,21071.854708215647
1066,23762.268131698394,37106.935782704546
1067,22877.02252039853,23566.15602439283
1068,24660.82658289808,22919.305724017428
1069,23282.004109597776,20682.993517000403
1070,23218.755796682515,23195.364447047774
1071,22791.473409897262,20028.374079195793
1072,23579.516872197546,22373.653313449304
1073,24112.555000999295,22995.903259898754
1074,22630.32510699778,23090.320073298768
1075,24417.034910527465,21551.523195896287
1076,26684.13887564773,18360.831558136582
1077,22624.288369287464,24505.537335100507
1078,23032.566467899815,22004.697315701316
1079,23247.219942416483,21491.95625004045
1080,22381.823543603787,22939.273504092896
1081,21800.886104199944,22000.398791597516
1082,21589.85082450664,22400.416005682764
1083,22635.72667470008,22520.577924270696
1084,23943.98645530353,22567.759325197883
1085,22355.102006304136,23256.21409450019
1086,22701.782978301046,23645.67509440425
1087,23588.924014796048,22797.643678304
1088,22106.871289298146,23117.24872279
1089,23954.76098500015,21295.224433273488
1090,23871.48150559696,24455.70132658918
1091,22548.547877101766,22705.4877902819
1092,23788.302853996902,24353.57920120008
1093,18215.419945704285,23454.452269494428
1094,21887.17404707715,23116.096227489717
1095,23997.557911999294,21135.601051081492
1096,24382.520573386522,20615.386397082195
1097,23509.13207099914,25179.144423753238
1098,24223.18536190138,21360.58609563037
1099,24093.012611601545,21913.583757088436
1100,25103.628988300872,23810.143435097893
1101,22880.5023563635,21755.720843313815
1102,16824.166923804165,23126.905046095722
1103,24095.690081116063,22799.768531100995
1104,24349.163324859983,20088.072169099036
1105,22213.032043662,20479.547395814872
1106,23166.55717026699,22817.403360973633
1107,23586.34771340961,24764.385300398673
1108,23367.147563397182,22836.90178784756
1109,24874.558979139536,23683.803728658233
1110,22325.319951104837,22426.548697211776
1111,22913.791556204666,21581.961444496148
1112,23324.715521500337,24748.763746298646
1113,23249.992163498024,23108.647757743594
1114,23919.9698104228,22469.480286802176
1115,22674.664211174215,21052.076951264997
1116,21063.260341700705,22778.88566039944
1117,24077.460222398062,22695.837267269955
1118,23843.451699199584,24252.61106899965
1119,21768.64814870175,20551.623665900646
1120,23521.627347199817,23545.13923959911
1121,25058.90562549867,23830.125079568872
1122,22911.252248100256,22640.83886541316
1123,21613.143106765157,21348.261117359627
1124,19472.34038202179,20294.03829359236
1125,24130.49847009989,24084.24508739806
1126,25473.84895609391,24262.817562197666
1127,21539.907825399507,21582.577112177652
1128,24893.453443516115,22187.614728561042
1129,24302.582328799657,21842.196784199372
1130,22954.28477589778,23880.187416400815
1131,31480.839513097635,21357.230141494565
1132,22185.269794163014,22108.022446796826
1133,25049.109205261408,21973.10528569986
1134,23098.470677144873,20018.382483430993
1135,22801.61465538357,20875.71518169467
1136,24935.792938996303,22283.2945169395
1137,25364.74651090004,22082.632054336762
1138,23627.54601470052,19957.940799138578
1139,23645.856343603347,22090.33730999876
1140,21518.19549454974,21030.72689029468
1141,24160.341261399917,22924.422099697134
1142,23949.802872889304,24232.66855351898
1143,22690.63984779466,22592.86398332625
1144,21745.110716251173,23074.780125002853
1145,23980.077345700873,22146.179502200317
1146,22016.23051800179,32094.03367385492
1147,21714.599769504348,23252.125249300218
1148,23694.835771688307,23240.322999049582
1149,22223.322993703307,23167.75563219648
1150,23573.29319469742,22911.01920439728
1151,23900.77127512571,22833.105237738455
1152,23069.717881302815,21090.650574595707
1153,20814.796262030322,21207.59395529567
1154,22952.98733049835,20300.253441061053
1155,26043.203232000506,28049.439439700775
1156,24207.09902999761,21472.280825838407
1157,21281.509254404806,22284.53317376847
1158,24369.8977902963,22214.56961079546
1159,25008.92906100061,22545.20087950154
1160,23902.97382170234,30385.646235865694
1161,23851.551574597965,21535.795290407375
1162,23520.10211657807,23854.330486249568
1163,24605.024385811106,21821.110082210136
1164,25169.865937899707,24013.888302897445
1165,21538.143174902933,23004.084297313435
1166,23203.05622136141,21991.689340738827
1167,24978.762133595752,22720.34448062132
1168,23196.49952306959,23952.34973729793
1169,23108.172931282763,23662.712115697934
1170,21605.503825652893,23034.14778760008
1171,22889.09661300012,21495.19477321761
1172,22085.973722202973,21785.693140010553
1173,21702.487864803195,21061.346877504064
1174,23873.969261826584,21975.317080215744
1175,23896.91605809901,21499.53827908499
1176,23785.52094569961,23661.020266697607
1177,24182.561395039716,20099.880998831322
1178,22746.37383351909,24163.30543917644
1179,23890.878354099637,24376.77398244705
1180,23498.88209579957,21841.64985119756
1181,24581.803172500786,23906.065478199063
1182,21922.279211496625,21345.86532390137
1183,23011.326504398086,20875.285285908572
1184,22499.297526317612,24180.543565500044
1185,34227.923457999736,23562.271773849825
1186,25406.521356391637,23358.258389485345
1187,24095.91338779968,23722.632816799545
1188,24252.734802399624,20516.537673438637
1189,21094.283217462293,22259.432881598357
1190,23667.613204965794,24255.401239298444
1191,23675.071027101447,21120.59481021433
1192,23687.28360450113,19643.902265053996
1193,23958.42794500034,22794.566051870937
1194,22930.25072752211,22699.78396639742
1195,26288.259788799736,22019.456235408587
1196,24836.02497585325,22877.839645068714
1197,23631.082535749454,23049.43499242209
1198,23187.25920420544,23957.467408856468
1199,23743.997248800104,23801.45048248858
1200,22806.200959502265,16049.512868363734
1201,25045.49751040012,24057.356916566805
1202,24358.65659389948,21887.78517299837
1203,22954.738992601884,24896.840823413757
1204,23575.23840409989,21044.33325569978
1205,26011.983909859904,22241.63064471128
1206,23195.48163020077,24062.813349765966
1207,24106.107574896905,23458.94394504188
1208,24948.047609142555,21134.61149222877
1209,23909.897221401574,23664.363090811567
1210,22091.58983726857,22600.595333510104
1211,23511.981589221836,19704.251954852978
1212,24278.663107902015,24295.002235198666
1213,23091.39081149601,20099.646515554876
1214,23963.121087564883,26616.04637928686
1215,22009.902820577536,23760.383772347384
1216,24485.45272670044,20262.405178683508
1217,24427.089356270175,21875.529877902685
1218,21558.882961202748,23309.32334651774
1219,22970.56737669722,22988.056815705164
1220,22203.24435809913,22385.534583899767
1221,24392.35720740309,22714.09308758981
1222,25061.648797594164,21970.78652700009
1223,24173.315043197606,22542.105092691054
1224,21942.52817752634,24000.576856457865
1225,23099.136034791554,21570.74874409894
1226,22255.648821858857,21342.636461925256
1227,23959.615773797897,23422.493945599726
1228,23269.313115551413,19679.521531821058
1229,22841.701837798126,23494.206559398823
1230,22083.15083731319,21289.07447501895
1231,25698.884385730726,20443.86165674111
1232,25328.780961903885,21383.27036147199
1233,23772.933463294547,23325.045010225735
1234,24832.584994289467,23404.375228783105
1235,23883.1368194007,21614.815803832036
1236,24209.149426099317,21699.57752612854
1237,22236.30540028232,20901.504136652038
1238,24043.63656689461,22769.470238129845
1239,24402.275751496883,22187.300363646442
1240,22301.14150389824,22600.404338667282
1241,23817.00251415262,22552.861467602368
1242,23413.784916099998,23569.39563139361
1243,23956.997617069785,23278.764387995012
1244,24769.503829727568,21524.72301904369
1245,24264.57520148028,22576.690971200376
1246,21780.10837080225,22907.445709605203
1247,23446.811606897303,23382.3291501195
1248,20975.461595478137,23238.076039043124
1249,25949.906937499236,21364.78961725521
1250,24218.2698227053,22070.238919149695
1251,23285.728538900188,27794.72876681829
1252,20401.80601280389,23502.00061819973
1253,24290.636583399388,22152.99468790146
1254,24704.00160119989,22730.428813858263
1255,22787.705710188446,22756.580495400638
1256,22620.356710796175,23520.2480213966
1257,23848.530546191047,23336.701600220284
1258,22924.728775300096,23884.945398197782
1259,23768.38423029901,23701.420534980694
1260,22469.436673096374,25036.30805049854
1261,23568.828098780272,21832.900067689447
1262,24048.016373852486,20411.36403242184
1263,24986.98038379906,23172.820880387106
1264,23314.81732801077,22652.520486600806
1265,24537.99832429913,22371.41349590088
1266,19542.686492103956,22772.03442432534
1267,25532.339882972312,21492.470454806367
1268,23057.356366299286,22532.786521010807
1269,23984.125299386997,21212.347478558342
1270,24536.61780359981,18343.37509006817
1271,25799.28662873705,23134.112874105238
1272,19990.384084603636,23612.44996820268
1273,22074.187247200112,23676.17536140169
1274,21462.531828821815,22657.160352162664
1275,24684.931547797478,26172.359536995496
1276,22602.876272600897,16711.4112318474
1277,23111.399983074265,24385.83265973851
1278,24647.915383501244,19340.125033493623
1279,25417.236555097094,21525.18676996554
1280,22061.498316896632,23144.10871849745
1281,23874.2740318972,22723.128069462677
1282,23364.937676006015,22793.307891844324
1283,23447.57712020116,22021.596554854154
1284,23269.10539459839,23048.996438955182
1285,22364.23630570319,22139.511267970214
1286,23156.053599858074,21813.439057138898
1287,23149.978133825553,22106.954386961268
1288,22806.833738596964,20386.726844996745
1289,22829.747060221045,23345.54323609589
1290,23249.53399249802,23595.26845448589
1291,24305.834432361153,24006.627782394156
1292,21887.40273652707,23304.63706989949
1293,23922.747828773157,21937.808274113027
1294,24141.25929489766,21292.956011905426
1295,24999.442848502353,21109.725042119255
1296,23480.38347640174,21855.744637464773
1297,20774.075935399636,18232.45538760306
1298,26065.28671430104,22107.71978644642
1299,24797.114426705324,24359.853208803677
1300,25948.792998995348,23597.84615633527
1301,22436.23326339937,21348.806308952244
1302,20808.083596901062,21798.754861536323
1303,23064.135117801,23706.6923402239
1304,21924.8211270545,22402.68148910481
1305,24260.767775298787,24807.983379599464
1306,24050.142370000267,22704.270715221413
1307,24316.010794639267,23775.901978732614
1308,24789.650431000304,23233.1949919004
1309,22924.378392497652,20534.62018163979
1310,22860.41618779703,23918.195686895877
1311,24584.541118100427,24571.979302866763
1312,25652.391706698967,23354.39707839807
1313,22726.48226931038,21973.588402282694
1314,22794.69902150494,20184.610075945828
1315,23964.51344666609,22779.836719210343
1316,24054.789942164396,22586.238449463424
1317,23947.36065039801,23424.735137764692
1318,25662.695178898837,23484.24506170015
1319,22389.753020454464,22147.699644498465
1320,18494.22158328573,23892.47890222252
1321,23725.575495944664,23465.75818868669
1322,24312.593605597358,24905.237473609115
1323,24865.47830159973,23294.73368256108
1324,23444.677875950478,20742.682781614996
1325,21980.497072500013,21577.084102000194
1326,24161.666361006854,19350.076921967266
1327,23187.36811082989,22949.428008280527
1328,18425.292214561323,21430.58696789661
1329,22888.13698629233,23276.830653169935
1330,23615.62618879802,21128.982858589436
1331,22773.816271779036,22440.92573269538
1332,23547.57881610211,22306.72408220169
1333,23668.045134802105,21803.327317698036
1334,24452.96143019695,22723.57874730913
1335,24041.69088300495,22426.95693761314
1336,24716.856168802406,20683.565810007814
1337,25527.694478401238,20931.295949143707
1338,23943.785067427816,22542.961723187385
1339,23807.21946132073,22000.240777202434
1340,24725.81829209897,20451.028487247375
1341,23824.616885097348,21868.288715502415
1342,23293.073964698313,24727.338248858592
1343,20243.432119803685,22069.883072104658
1344,24804.731101601537,22067.777350249635
1345,24962.264236602852,21805.111100601513
1346,21621.010699300085,22937.42441235923
1347,25406.1804817022,23027.447320477226
1348,23015.459899099664,21920.07353430544
1349,24080.919682831227,24721.529475698928
1350,23380.656046960077,23953.812423202042
1351,24976.066738401754,18643.380106514436
1352,22193.876527907745,20190.42760583313
1353,24011.796340399756,20461.241458601253
1354,23780.52980749325,21774.72313456802
1355,24974.34598774079,21133.500010696927
1356,24433.209888135632,23069.349139857466
1357,28060.57950809821,23172.77556434088
1358,23229.62928696948,23011.144057020534
1359,24424.793226597154,21123.561898063203
1360,24398.681289400898,21741.71311200673
1361,23550.33426268748,21972.03884736912
1362,21167.395902218093,22776.655573399185
1363,23846.14617009613,22579.452439874014
1364,21546.511015974476,23143.555411196587
1365,22248.016465796718,21878.398709939087
1366,22790.56036433113,23203.3810625442
1367,22907.036483352294,22134.61182502288
1368,22798.724926328698,23129.407809692995
1369,19854.401874718904,24330.128246380395
1370,25959.107337629866,25583.549225499326
1371,23879.479504101873,23830.548811540786
1372,22247.392197500754,25261.04496890749
1373,23924.576314342426,24263.896730996406
1374,22252.239160101002,22640.354275345533
1375,23934.929979691595,23085.797406440524
1376,21284.67722802457,21944.86564969378
1377,22239.82629390425,22269.966056104302
1378,23217.622678880412,21920.295436572396
1379,28763.405732030165,23343.401800858624
1380,24111.910963101356,24962.02531312118
1381,24051.574973997944,22742.446002089117
1382,21726.051000080377,19168.19768450081
1383,22498.05036742336,27040.54735854893
1384,23821.778640799635,23844.795488998683
1385,23866.28884829541,21421.85931230095
1386,23681.698138399453,21228.550099287786
1387,23972.28696156829,23804.16016470116
1388,23940.042375970464,23432.54563140167
1389,21650.804540297035,23278.70115113976
1390,23171.826824100954,22671.906000697523
1391,21012.78754315142,22296.81358288166
1392,23436.71096760013,22201.58156474094
1393,21680.12680020507,22805.552722221317
1394,22545.165007250824,25238.429240518344
1395,23454.8172650009,22472.850557198064
1396,25123.60202799993,23994.361034529542
1397,22238.712249502772,20562.86728905252
1398,24976.844303092457,23060.32424173809
1399,23432.537285548016,22393.467393390118
1400,23406.3889858005,21780.891292002838
1401,23540.437877746357,23971.66046046527
1402,21338.74437730338,20988.300121445907
1403,23528.79218056654,20445.586151488038
1404,24630.49746218242,25714.471577296586
1405,24466.741708305388,23325.909865394264
1406,21254.1442993734,24272.291885306382
1407,23603.0658659173,23104.325213516862
1408,22098.516286214744,21969.582792789362
1409,23752.30097980092,23001.59719509644
1410,23105.462528514763,22030.061497967894
1411,22410.552635973967,21320.26703897949
1412,23318.0403699836,22036.144758394108
1413,22829.49113660927,23578.650673483888
1414,23831.351046002543,22493.71241274015
1415,21829.288122937513,22986.730744112712
1416,23576.85923778006,24023.473339949436
1417,24880.79917965939,21283.302509238918
1418,21954.511801003202,21744.062932148307
1419,23528.448020198102,22033.556472100434
1420,22867.803956804997,24566.812092768476
1421,22838.552011427557,22335.240385353954
1422,23500.117203023823,25240.421755701387
1423,22971.46984969718,22158.611497683294
1424,31264.790153616734,23375.686374780442
1425,22404.74084789798,22201.41117847238
1426,24300.332304299856,23766.82966969751
1427,24730.210941573005,22157.327413968305
1428,24460.173763270574,23576.383875720912
1429,24755.284195708973,22908.601295839122
1430,23504.42689769785,20486.64411858465
1431,23862.67773709891,21418.330365098056
1432,23740.978782201524,21308.719381290193
1433,23373.813679798335,21967.500454800298
1434,23829.846563098054,24418.552496415577
1435,24355.767218401626,22937.443339999933
1436,24837.88968649853,22673.102547751176
1437,24881.142459911127,21918.80461059895
1438,24410.218040700645,22230.50551767604
1439,24680.88030080546,24080.02466325546
1440,24022.452977200388,24235.781198565204
1441,24018.34848609931,21987.49677988622
1442,21961.513277590147,22715.98507924436
1443,24799.69601709477,22684.45390119884
1444,22850.65296589763,23863.895164368
1445,23585.774394784676,20197.752600000767
1446,24438.32836446339,22544.911797578017
1447,22612.85842707336,21849.250291706812
1448,22747.3461276003,22345.8452199824
1449,25121.39620909484,22082.621928189972
1450,24955.462885320943,20741.202501314016
1451,23925.544658705116,22222.63969242089
1452,24499.94607649816,24148.46259101799
1453,22365.750165606238,22510.032696261198
1454,24641.664903500445,24268.81076129362
1455,22168.79990980178,22399.691770427315
1456,23116.41405709963,22733.792177901745
1457,24269.97152678107,22561.671234581674
1458,25034.004162598612,21178.09291589977
1459,25107.489200216165,22153.24547366944
1460,22638.25156838187,23138.36102769644
1461,23957.58381809734,23117.057547601922
1462,19854.59746683784,23058.324733002075
1463,20735.95888141305,21745.026542000935
1464,24117.955806401,22696.733916686357
1465,18097.97374570377,22008.185162066977
1466,21771.553403297574,21670.92599599514
1467,24693.11888156465,23121.184987448392
1468,21595.022312885667,24506.100451895712
1469,24248.53459593637,21039.53627409637
1470,30844.944267791452,24145.735743397538
1471,24426.076849002053,21356.191484002335
1472,22715.18940469805,23322.39228494612
1473,24885.025150359015,22764.116408405753
1474,25148.79066757986,21002.053706666444
1475,23129.279327963395,22373.619422588134
1476,24246.26699350298,30151.751276198935
1477,23797.64028801167,20575.014304445463
1478,25550.19666312931,22339.739270061753
1479,23571.075648302525,22900.665548080917
1480,22589.228592627016,21803.928987164556
1481,21519.477891899212,20262.654900929338
1482,21702.707935496797,20238.154112948705
1483,23816.476372899353,22790.484635497218
1484,23706.04224362067,32641.846196874492
1485,22635.508025000017,21366.03190458794
1486,25025.234610995733,22183.685603922466
1487,25427.622518903172,19437.22762799541
1488,22147.052587299448,25166.209080652992
1489,23945.539592809062,22789.38977406041
1490,23939.664597893734,22128.365248002243
1491,24621.80014895761,20382.32965833663
1492,23931.748888228678,22939.52669127855
1493,21060.72616519633,21434.3873073771
1494,23335.39404289863,24952.428980999717
1495,23651.511921697525,19481.26721258083
1496,35193.644655430544,23267.285952596947
1497,23501.543023193917,24114.5056449991
1498,23537.200366901958,23961.16891809224
1499,20904.057524123753,22182.36345235998
1500,22884.648861101796,25209.64610779564
1501,23223.657226738378,23870.004825640255
1502,27139.351501201167,20330.366861201455
1503,23762.67716049888,20182.87206014354
1504,21579.28973450134,22929.944073228915
1505,21855.206059542976,20899.420490937813
1506,21527.341562832626,22380.40111732602
1507,23661.790912001135,22635.18763840241
1508,22606.58975660367,23491.80188311976
1509,23053.321211895658,21604.938334496164
1510,22339.02080285073,22803.150393906522
1511,22656.926553864516,18189.90739360185
1512,23537.177749198745,20863.207165537715
1513,24693.811510503907,24612.077877037027
1514,24556.60312049743,21534.795633313217
1515,23585.552587502894,21830.191721972387
1516,21554.291514395598,22425.844159303015
1517,22287.510630701363,23168.286852998015
1518,24736.57545463881,21447.747376298514
1519,24474.73260970126,22718.750765998775
1520,22768.8031609122,23685.202478668445
1521,23439.812399531278,21498.962809713754
1522,22935.79442339647,21143.117532051154
1523,24512.59152840092,15386.28916463114
1524,24621.511381801785,22811.412771500054
1525,23088.726113470613,21488.95972686103
1526,23112.72878359914,21172.36132057728
1527,35811.31073381488,20799.901894580213
1528,22224.36366320379,23018.225649109176
1529,23170.15846819587,23483.39219039062
1530,22761.023799195395,22094.854240688837
1531,22088.777377419752,22295.00117252861
1532,22558.089782398714,23980.157158193735
1533,23429.733477115242,19880.477516234765
1534,24430.311555094908,23351.051394905462
1535,24389.349393835357,25272.120927287502
1536,23706.144561997393,24119.311579067573
1537,31444.83650718587,22896.717976601023
1538,24951.406627788623,25108.895646199475
1539,22745.003362098127,23954.045863600597
1540,24055.68772643236,23022.772146604082
1541,22888.095297072305,24015.366186389198
1542,22771.88215446056,22147.7509836274
1543,23464.180177192175,22458.669543041302
1544,24919.343703538456,23755.89431141243
1545,25162.679811128255,22086.65622166045
1546,22797.018875183032,23285.711428569477
1547,23868.267379402383,23065.393494707554
1548,23775.364904237307,21381.456320405407
1549,23538.66622380207,24059.013532499423
1550,22291.184163065976,21492.33829545828
1551,22838.514356398053,24137.916589493536
1552,23087.524649098912,22160.140228679447
1553,22016.264285958656,20776.859114020383
1554,20875.37134594781,21880.345847192428
1555,21756.694145490394,21872.986395599717
1556,22388.316174701027,21001.970101940045
1557,23932.668316897023,24605.930674227053
1558,23340.34799709447,20319.09735128774
1559,21999.472502930337,22638.23363513246
1560,23787.59844298246,23882.902011299924
1561,22930.168453401126,21525.720162811165
1562,22722.791257605208,24499.851103202553
1563,24092.045235798505,21671.544805420373
1564,31573.190962297915,20499.483317684655
1565,23260.968124704603,22921.445855522066
1566,23665.425528043248,22809.99344786366
1567,23740.415178201907,20709.072798055844
1568,22699.75884076811,23641.26041771697
1569,22665.838043398002,20653.392321876272
1570,23305.808597034233,22400.98994128329
1571,23662.7179145003,19250.502899932282
1572,22433.209041200647,20915.785010878073
1573,23569.08402038824,22905.51343558151
1574,23412.670279693997,22030.562167499407
1575,24619.360081499886,24765.225326873588
1576,24620.519364923515,22223.183918799474
1577,22503.781415796653,21366.83639790131
1578,24609.57348177742,21230.834284759636
1579,22247.898149500186,20846.128248494348
1580,21814.358323161287,22233.547193596416
1581,23552.5478375293,20407.219280956422
1582,23914.262841398395,21468.98523998635
1583,22893.942189300797,23636.298427894937
1584,23460.531022102274,25326.748353396542
1585,23033.465233237548,26309.755072852182
1586,22923.855740897223,22317.761624543804
1587,23533.050836870418,23660.625809121135
1588,24138.67269220155,22953.660904402466
1589,26434.055222005936,22780.432890697717
1590,25801.84880710047,18835.973540460545
1591,20843.847510119278,23433.513338919925
1592,21884.90669410799,22343.15809653991
1593,22191.64568244945,21357.24505462327
1594,24233.30453840031,20839.510635595478
1595,25254.273218165567,25306.735773921562
1596,21954.12724259694,21808.085309424718
1597,21398.810598589374,20968.084488324446
1598,22716.255821464205,22116.816399652096
1599,22828.808287739397,21044.40757993461
1600,22756.20773380953,22159.0185872665
1601,23648.533999616666,22243.088910784092
1602,23986.055187900893,21582.580399624385
1603,20537.220662200016,32666.910759004
1604,24868.21176719855,22242.907154701727
1605,24341.82682649882,21861.117395397174
1606,23796.42167585917,22696.76608204439
1607,20675.473589006953,22739.505763401205
1608,22006.389799399785,23590.901036038376
1609,24969.076582300313,23451.21270081279
1610,24473.09968589748,23663.38368693816
1611,22464.52054891421,20498.181585746377
1612,21233.785460401556,22755.088762223335
1613,23066.244323999115,22987.41939478435
1614,23071.635659668027,22979.12882951088
1615,22454.0040108822,21763.8255325106
1616,21828.573183702916,22676.303705319886
1617,23792.619672299264,22065.61364555113
1618,21874.07283033031,20809.851793856404
1619,23960.218446238418,34421.91372957324
1620,24358.342255704243,23436.57056821799
1621,21110.24182740082,21534.67332559889
1622,23924.829404202323,22036.69232769925
1623,23153.82854739897,20519.54954951332
1624,23235.864067099727,23401.315791009696
1625,23623.61176289939,22569.688398769063
1626,23773.770613698027,23641.70563338951
1627,22380.294885397372,21376.832850497056
1628,23189.05622659999,21811.769268954955
1629,22397.988635697333,22196.530846292117
1630,22340.333588899175,22819.498787798202
1631,23115.35160459963,23095.35370814366
1632,23384.778210959477,21768.573043643122
1633,22715.68630470018,24527.804151998043
1634,24651.2237169969,25274.553838098116
1635,23765.194692594898,24855.408186775327
1636,23163.48491267894,25171.73522210237
1637,23247.862788198123,16671.503891184697
1638,23223.572679399975,22185.864312601938
1639,24060.670731300925,20451.62668679122
1640,25065.780652705234,20810.94090174821
1641,23113.35744798831,22634.099264066113
1642,24282.672550101583,23779.64322550861
1643,20409.66590030484,23163.506026865707
1644,23020.011150399532,21840.486846819458
1645,24812.195423937377,22048.02207172226
1646,22243.861539098096,22912.410447861355
1647,24080.378958297624,23331.634041319707
1648,22235.404134170505,19818.493860000035
1649,22601.233842597238,22042.143363923315
1650,22445.086450571773,22467.850910100973
1651,25416.560564301733,23602.918940996897
1652,22936.82787479907,23941.181630880183
1653,23941.312060998218,22790.026658591072
1654,22525.76180739529,23527.260726532015
1655,21331.752712214813,24863.185318597327
1656,22040.460361806523,21345.417149904228
1657,23891.762597057415,23060.951298254357
1658,23572.305909901672,19908.406017890647
1659,21786.228651604033,20537.427053406103
1660,23347.666373444335,21244.869952239507
1661,22150.641467947666,24656.793620601966
1662,23749.54406940356,24146.408473268482
1663,21805.45865907224,20951.029915803134
1664,23120.09795449609,22715.950145395913
1665,24199.418566496817,22488.577251618808
1666,25222.82734299923,25428.694380895795
1667,24300.164570999805,24059.27479929812
1668,22594.580183732727,23498.15883870057
1669,22167.797035632313,21906.407793740047
1670,23111.491795922,21400.585894206975
1671,22242.824048602815,20569.110164667574
1672,23313.9718714992,22652.32038872855
1673,23347.379451910583,20422.830779431362
1674,27521.466768687467,22203.55328209844
1675,24252.519623098684,23999.463057302244
1676,21970.087681527315,22800.46639182954
1677,18871.355227963875,22301.57869520302
1678,24118.806425295224,21915.426671024827
1679,22437.67509048038,23589.092411856927
1680,25209.315173898176,21822.69859830166
1681,24484.937945398775,21231.362845493135
1682,21933.015689694144,16883.104579295163
1683,23140.433839974332,21114.330264994103
1684,23388.40500143276,21558.918432789007
1685,22365.037073893734,24014.819756954123
1686,25247.997970499877,24453.16358635805
1687,22429.45766433903,22950.164860504105
1688,22400.544688526326,22374.870327246197
1689,23054.624831997742,21920.126709697823
1690,24096.658474594366,22043.940018996836
1691,23151.73833013675,21786.591776537316
1692,25063.818761030565,22856.854100539924
1693,25444.950994636012,21837.249730105068
1694,23251.7315027574,22759.797050222645
1695,22256.634584100382,22347.25160020929
1696,22457.26238393087,21767.113144096093
1697,22738.771445495215,22509.533969312484
1698,23020.239657500693,19420.129375026117
1699,25463.679983901446,22806.77833169593
1700,21293.928828202104,21984.555832898182
1701,23651.701588306085,19854.433824997304
1702,19884.573809145968,22962.682849658235
1703,24671.56470382536,25539.99458730273
1704,23061.032634002913,22133.90203564293
1705,24207.797859398208,23871.142932878298
1706,21731.154723838314,22983.349717689238
1707,23806.23381736763,23825.261298999332
1708,23619.29870930265,22704.09645940228
1709,23644.919715701984,19673.730573922825
1710,22786.065554999062,25222.897844364867
1711,23033.282953320468,24868.55816732061
1712,23022.712269493826,22245.584580906914
1713,22865.48008159758,21945.281680303568
1714,24838.243642303478,23814.56270944971
1715,23368.72552522541,18181.298046978685
1716,21982.702327198866,24241.40495871091
1717,25348.95912439994,23106.416076455655
1718,25512.373309996667,17483.170444816147
1719,24872.182841796755,21516.102229969132
1720,24549.08689494763,21913.74690815691
1721,24490.637861926753,21463.20263693137
1722,23489.980725804988,23147.58549290849
1723,24241.757859703786,23471.263817400457
1724,22865.952680605347,23120.392169421684
1725,23871.378086499688,23783.894144131427
1726,23556.06262752789,20268.030437369573
1727,23023.812145793618,21364.009903231905
1728,24272.763302024377,20189.32344576906
1729,23567.772174061694,22772.867207771247
1730,23165.182391702394,23411.238305399795
1731,23452.08756979991,19711.550359931498
1732,22649.963120207154,24017.42380405045
1733,26401.890398550335,20717.754456131228
1734,23677.69953710087,22518.647784302935
1735,25073.633458796572,22104.448705203064
1736,23470.536200196017,23534.037427076368
1737,23727.374342081494,23503.546837297727
1738,23748.33998220044,23427.9581605444
1739,23778.28921469843,23147.456297522516
1740,24641.50867099883,21938.891868591792
1741,22728.80387620481,23621.965001689416
1742,21129.070965893297,22928.35195187816
1743,24001.664566782674,23442.174828219973
1744,24883.231066399487,23170.8819783725
1745,22660.215757079604,23444.138998705534
1746,22201.669693214808,21473.0605611981
1747,25525.200646598274,19363.80916988404
1748,23153.297789080287,22405.356865377806
1749,23702.224805499078,21212.15403271864
1750,21812.790328927178,22300.200749521195
1751,23263.781487428798,22102.737666434517
1752,21270.487180601136,22395.031443934062
1753,22209.79095319935,22463.5636622989
1754,23427.782348901208,23607.290536096258
1755,22026.53816919665,21915.498270145385
1756,19367.76957828333,24238.231151697782
1757,23523.44800869681,23083.456178921748
1758,22251.375443937675,23012.937520057192
1759,22596.06819239195,20463.098609910685
1760,25595.65429960178,21912.82170654813
1761,23581.72141709948,23642.115909988104
1762,24938.783133999514,22240.512581373427
1763,23635.583520551154,20328.472950104093
1764,24272.20398072706,23864.32699599438
1765,22589.59068870131,21548.34765660363
1766,24877.003031210716,20944.77078424937
1767,22720.322620261635,22954.34178024072
1768,20678.462364497154,21761.1049340089
1769,22333.33188185299,21235.747321705694
1770,24345.68645117112,24708.94461847779
1771,25902.810167298536,22419.974321819405
1772,24260.03488259915,22257.914254303152
1773,23912.820974262515,19677.923257701754
1774,25020.348344700906,22514.356114814687
1775,24264.432170495314,22583.502869873664
1776,23963.68819269845,21495.254452394773
1777,21963.790151903166,22857.453997002583
1778,23062.730770616083,24414.200086697154
1779,24358.038020077493,23107.17995497463
1780,24276.466141282322,23215.97184569441
1781,21341.55189372091,23591.714056896526
1782,22007.252959317226,22494.070068698267
1783,25422.542893500387,21238.813717369118
1784,23268.29973318315,17141.17072538222
1785,24806.368202362053,22206.042366316968
1786,22402.03801270144,21029.620669302876
1787,23147.540254898366,21937.608740774496
1788,24139.039056493613,22496.138911349524
1789,23353.437207001418,23205.616007116358
1790,23338.96809500076,19967.77245940206
1791,23522.832904192677,23414.13482829624
1792,23404.665922020566,21416.221758160456
1793,24813.92586429989,22280.033348838693
1794,22981.413826999935,23970.772449305012
1795,22164.492507501596,22841.954304885505
1796,22971.692207967946,21930.716037455644
1797,20711.63377431478,24566.966562008987
1798,23719.661699696462,21495.930869200434
1799,22881.406806510313,22697.684244314692
1800,31301.06999278679,22269.318476408916
1801,24320.51440259939,21843.337530389028
1802,23261.75721228746,23669.760728397443
1803,21761.574597501523,23099.063242302604
1804,24670.697261950907,22178.48389460255
1805,22640.49945430332,23456.00239859654
1806,23363.087630596663,22040.65079809972
1807,23578.10915900281,21366.250028564766
1808,24779.06910591081,22302.17882050075
1809,24428.43187371699,20848.219561000322
1810,23529.79938159679,24666.7980586663
1811,22102.184177869174,26970.467688868495
1812,29351.547320303394,19255.992493979746
1813,22288.920300954374,20654.912659921607
1814,24776.40070700225,23270.434879397548
1815,24421.631185668222,23536.23642317555
1816,23965.32003019835,23086.92839648892
1817,23182.91497335892,21775.445769397036
1818,22295.23353390054,22106.263306986923
1819,24639.092394298506,24300.1328869176
1820,23130.19568698795,21846.317828675532
1821,25578.518501198098,18620.784036416702
1822,22040.704615660652,23147.753093698284
1823,23130.068560396227,23659.152821552452
1824,23547.690152997082,23748.692304828484
1825,24208.729799099667,22444.82768870996
1826,23134.980516033032,22803.45261963626
1827,23541.031654711056,22218.488324738657
1828,23098.532724896726,22912.464726875914
1829,22804.572498898837,19889.426972078243
1830,26140.444246393996,21919.44625498938
1831,23490.980165238958,23832.662497317117
1832,23406.380024090853,24226.588762238927
1833,22778.580034541952,22200.96784521727
1834,24225.113960294897,22000.31568900086
1835,25418.10629751762,19927.444591104573
1836,24959.732824710987,23028.418592801467
1837,24175.377935101576,23705.973480700028
1838,23204.149031942194,22139.956981903004
1839,24832.620686396458,22574.558329996726
1840,25360.1306793289,24951.258103857457
1841,23173.849336431525,22206.05055889567
1842,24672.878108695888,20644.220791296615
1843,23878.740855626736,22750.381608231633
1844,23373.732030900406,22033.77325239906
1845,24112.417102692245,22940.546538304083
1846,24368.969228298716,23606.33691910791
1847,22626.507209795993,22070.76579891742
1848,23058.332001875395,22681.312432406103
1849,19696.2964927985,23532.526833103842
1850,21679.222270701226,23912.346635701615
1851,23075.561464086288,24062.102118642506
1852,22412.081240472835,21193.263360546203
1853,22469.04278319721,28022.17014256932
1854,23381.24710979983,23743.631052800254
1855,22990.78460152075,26163.56942160262
1856,21264.31470899789,23293.624882000076
1857,23876.723088200924,20603.81872481148
1858,23374.832167696022,22679.606437970386
1859,24297.044156802494,23683.264372589176
1860,20248.84577838994,21909.288641400144
1861,22860.904673806373,22257.875622577325
1862,23592.373290593656,21411.07353994641
1863,22521.038242195205,25637.65920769569
1864,23692.436674097935,21225.27141540062
1865,22622.73052180427,22192.944133106048
1866,23712.62607227948,19659.646333420515
1867,22160.938831590156,20858.91751000347
1868,23525.27366689509,23279.520148696392
1869,21652.689532631513,23463.309909502113
1870,24059.842466596616,24379.446019999814
1871,22207.134385716476,22214.479357338638
1872,25405.9499088986,23421.8568173754
1873,22465.610193553617,23384.026526269103
1874,22190.442025857643,22879.447942403516
1875,23705.361339600822,22699.06220850326
1876,22076.75358679993,22649.01308125312
1877,23252.090205500506,23530.886556369303
1878,24033.482534734852,22328.513699626634
1879,21278.205483200734,21926.110343476365
1880,23144.227314000884,22812.380141398568
1881,23716.06306488958,22010.828644027668
1882,23271.688725298674,23660.10530779713
1883,25831.376929498667,23267.710870898747
1884,24974.529960598295,24141.178526097174
1885,21679.64427528208,22642.997019862458
1886,25108.430603899396,23365.376382566566
1887,25154.856085199004,20187.922933899405
1888,22673.084263501853,22230.234291453453
1889,22924.728241574176,22176.189467198164
1890,23460.67516529992,20598.682600696022
1891,23401.11215419861,22623.271814723237
1892,23693.5389568018,22670.16650990124
1893,22768.8783728905,21440.72825194574
1894,26255.860372440944,24163.873393537368
1895,22546.826171715296,22108.93225519838
1896,23489.4315505013,21397.778235699232
1897,25120.4530975021,23911.179591927263
1898,22806.063148199995,24238.67612455443
1899,25514.147686998276,23320.01042228053
1900,22057.69594890511,22001.626879049552
1901,24543.29150650349,22640.90150770378
1902,23438.407427497663,22664.090074702443
1903,22741.67063540099,22835.762631593334
1904,23133.4763130288,23963.450631799355
1905,24036.36039860059,21811.06877855137
1906,23658.46264782798,20325.596466324783
1907,20086.50199810235,22636.594831120827
1908,18991.051848764113,21264.85413383722
1909,25140.771003797527,22209.556386797747
1910,22699.741100803,23048.452572974227
1911,21262.218166815,22678.954085899706
1912,23753.371164203236,23015.591300739525
1913,22663.942106798146,23387.80572885376
1914,23474.840970379017,23160.42111574573
1915,24375.877121701804,23223.668310199315
1916,24354.23965199689,18791.0691054163
1917,23333.193113499867,33196.11028485055
1918,22604.382595499068,23923.239000703903
1919,24283.040234804757,21717.867233097837
1920,22729.228475865228,22964.260332156013
1921,21972.533658662,22790.230982812645
1922,24649.934824198765,22719.062229968673
1923,22919.186656132908,21844.344515899054
1924,24907.88105199672,21034.881127696506
1925,23564.781302500844,22091.102954127513
1926,23544.847646951315,22134.730877776234
1927,23636.756218904076,23730.241299164634
1928,20673.481083805873,22849.466946802
1929,24519.90181500056,24816.96327594659
1930,23516.669942895747,24523.145575998875
1931,23430.99182509761,23638.428042311854
1932,24759.634638871346,23720.122802328744
1933,22871.894484404358,23345.013273207875
1934,25111.825894527385,22265.254039277075
1935,25029.66167420022,23669.43767380375
1936,21974.284810771052,24669.53197943841
1937,23773.0820052013,23209.070677001408
1938,23491.30108915913,22839.637153454973
1939,21792.157163922635,22523.453147641096
1940,24624.579347995703,20921.979451688912
1941,24223.54273669886,21262.98170339953
1942,24281.428935596185,22697.42128737276
1943,22964.859988702825,21303.300550234304
1944,25058.285956400345,21036.27111970971
1945,23875.91165220041,24355.25888085668
1946,22995.374651418697,24540.41916619813
1947,24559.43738459979,22716.082493532194
1948,21553.78082190167,23572.829486626273
1949,22684.72367061153,22563.7264104478
1950,24637.922855201658,19309.50875741019
1951,24008.969603010075,20279.15067370816
1952,23167.940437706937,21345.39254344707
1953,23644.383018303808,23107.434585901057
1954,20851.872935048636,21544.888244197926
1955,22831.047591696486,23839.930111666952
1956,24472.96668349711,22093.619029209618
1957,23558.326113900435,21773.86235404115
1958,23158.989736604115,30700.376915452027
1959,23060.56695169746,20944.545617418567
1960,23802.788666356886,23093.797538802897
1961,23048.073946340766,21716.83783579761
1962,21715.629782896707,24060.771141437675
1963,21333.298234135134,21043.505577039414
1964,21912.14080584226,16666.598477720447
1965,19125.348332774298,23575.627838498072
1966,29898.694953600214,24909.41338947871
1967,22548.19601728385,22189.88795988716
1968,23155.54425873864,23994.160822885722
1969,22602.296020898884,21170.2110307992
1970,22204.038820704784,23231.17512040117
1971,23033.06431180315,20846.15364276354
1972,23671.455675299876,23203.473662528442
1973,23416.228701097873,22666.83612609699
1974,22273.662340324063,21146.157986696246
1975,22381.665636700945,18968.15318417606
1976,23288.529527958384,22144.292817349884
1977,24536.25802819833,24097.009379095904
1978,24554.602910783164,23595.01496099788
1979,22153.258176904885,22215.76823586272
1980,22372.63370619003,23554.41873971134
1981,21787.22378290343,19760.29197770077
1982,21925.72427040077,23869.884064119637
1983,22488.058562300677,23228.265796298205
1984,23251.572766525074,22331.366112196232
1985,22974.03498905034,22503.819065578744
1986,24106.512262398122,20760.395852390284
1987,23914.631418596997,24686.57943795641
1988,25368.041433795566,23469.56066189783
1989,20366.33624423322,23207.24886400014
1990,21876.38891159972,23867.29572854781
1991,25068.243044405182,35852.93511071386
1992,22150.910755738936,21163.547023309682
1993,22575.26975289592,24798.23648521904
1994,25448.593892887555,23130.657911848753
1995,23991.00330829935,21020.319830126362
1996,24459.81062969747,23653.17281909891
1997,24381.583573297867,35315.57290230265
1998,22289.452602246325,22533.5193468973
1999,24169.05532500213,23978.163311710246
2000,22973.203073901743,22641.618591982944
2001,22762.294231503543,20990.095999610465
2002,24574.68364620108,24145.96643929715
2003,24185.658542240533,22603.62426545022
2004,22777.736375846154,22679.015013851847
2005,22064.000806674474,22232.736666711167
2006,24806.525369699728,19320.171222658835
2007,20723.510812280114,24362.10224730965
2008,22474.81418718332,20840.825102819006
2009,23481.74359679677,24050.580455998257
2010,24777.11788889798,21860.142587888684
2011,24280.36530532526,23849.290295497754
2012,26356.68238439806,20715.873165816214
2013,24667.58636418962,23635.886192039732
2014,23699.81989374223,20865.497082534865
2015,22773.149640002357,22136.011751651626
2016,23978.40157119235,21255.918700461963
2017,22910.0691868011,23413.751638099464
2018,21270.68060388173,24899.935046519364
2019,22797.23500684164,23750.12084912372
2020,22809.968257578446,22966.172464158248
2021,24191.094789827534,24713.46183560005
2022,24063.34729099928,22053.256752202095
2023,25801.706741495105,23908.05057190344
2024,24793.67567159772,23637.619657951178
2025,24365.035290000906,22366.625433099416
2026,22812.56488519571,23256.025072190467
2027,21305.525257800655,22793.739667262205
2028,37916.36215119853,21572.0473400006
2029,24680.422358500426,22389.532766288507
2030,23697.496969399588,23314.195282001187
2031,24217.74725850058,22431.346623659007
2032,23037.983983380786,21855.884672627843
2033,25340.18483114883,23662.178789683214
2034,23595.121452500272,22251.98216574344
2035,24218.86050439201,21698.739278233115
2036,22370.073120999627,23827.852486796302
2037,22886.63172370018,22994.326667299596
2038,22645.332930209115,21055.698112200058
2039,24162.21334569471,19263.989898106734
2040,24263.482630415885,22007.269982868886
2041,21860.555042500964,20196.723407181977
2042,23164.60472579765,19386.337407796604
2043,24138.471875548603,23317.001529603025
2044,24175.42539550161,22539.869298112895
2045,21840.050108587846,22834.919469693486
2046,23289.36931789631,24326.459567793598
2047,22681.300998897656,21221.002308965555
2048,25427.797093701945,21950.073341540396
2049,22904.880936311627,21510.137754440555
2050,22032.25453708463,22242.942575957608
2051,24133.67708449923,22331.77223205679
2052,23470.35132231782,23075.963423596542
2053,25364.06380559773,20935.85675570003
2054,22517.874359500714,21630.007438452176
2055,26221.476560302828,23357.322820583417
2056,22749.457837791768,21679.8013464449
2057,24598.490357959672,22233.304271085795
2058,21291.069006301637,21959.96372642061
2059,22919.49287520223,23220.398522242278
2060,22173.25829066807,23262.366124298067
2061,22282.680439725376,21518.70185874838
2062,22423.78599190276,23372.200163490932
2063,23677.81185156963,22565.033370719077
2064,22408.05441078272,21169.03527048366
2065,22398.992642792124,28118.67761289577
2066,18340.85656940234,23259.62008919965
2067,23593.54035204133,24796.34452951079
2068,24159.222835123404,19717.45696850114
2069,22475.46102199838,22102.17773867361
2070,28752.91885199589,23110.456354200243
2071,23488.028879526253,21262.832973298682
2072,23931.61941379893,23428.77011450512
2073,23319.652577301007,21348.2015388906
2074,25227.880920076743,23950.822396234093
2075,23748.86965719705,22619.35127320043
2076,25622.22414859895,19517.526626399333
2077,22639.59099439992,23238.071606100762
2078,23691.41863990266,22618.158304601984
2079,23187.995011402603,22884.55456129779
2080,22827.553635296696,23665.95763880029
2081,24369.551014899578,22811.961177239114
2082,23133.128828696335,22426.6172210012
2083,23492.252440801185,22392.029507202016
2084,23281.60646599994,22987.387430699004
2085,24302.85948049581,21318.795514511778
2086,23027.07110210522,23278.61966418848
2087,23737.813797859464,22469.160686400955
2088,21409.184678501802,29896.51625910573
2089,23049.90691630195,21729.10883980054
2090,21240.32419249881,21497.765327203568
2091,22380.305398357435,22136.738569379817
2092,24281.229496397453,22032.29834609983
2093,26501.540364870063,22578.37844621389
2094,23824.34476359905,21372.08856400114
2095,23690.79171809832,22058.897302795518
2096,24707.831580686463,23468.818911177434
2097,22515.61752214924,21042.064873712534
2098,25191.951251098602,19402.197701738278
2099,23109.48510511523,21337.482894464963
2100,23362.864515965048,20645.40464315027
2101,23237.768227604676,22430.138578699247
2102,21954.707953598027,30033.122433044304
2103,24170.508048498774,20779.53041607268
2104,24362.722532101074,22694.895316105158
2105,21955.117310362195,22195.74644322753
2106,23860.715454342564,21958.815890809714
2107,24281.92471599937,25021.002801822902
2108,24937.275660987096,23135.413115785195
2109,22873.160512200062,19700.697231579907
2110,23405.28109380036,20870.314931681824
2111,22903.435733124745,24735.20437150104
2112,22931.686299961817,20577.798065944204
2113,23069.939028102704,23358.40742642088
2114,23793.878131442725,23035.704675014833
2115,22416.564196104147,21345.51607995976
2116,22075.57551600101,23841.574412032078
2117,23724.8744999401,22754.611314977607
2118,24816.816606398253,20944.28569645988
2119,22795.760424398373,20299.857793154373
2120,23711.861198299182,19974.98325251994
2121,23794.897940786548,21424.119441397255
2122,23001.84874698082,22465.827719698947
2123,21870.96262619661,22508.19920871397
2124,24722.730891797844,22185.843698751243
2125,22114.125771515955,24134.00809238356
2126,22569.88386320039,24649.77162200052
2127,21388.790557202614,23904.714230529917
2128,23275.331429100715,21874.557785302488
2129,25122.050384317023,23005.174806006464
2130,24684.812476446983,21974.799297250167
2131,23927.34153691164,22453.5577287694
2132,24211.445766400808,26002.711030997896
2133,24774.84828010308,20250.15505650256
2134,22508.0961061035,21818.967939898503
2135,23459.560733004026,23568.263515998966
2136,22023.49294194412,22551.114547483947
2137,21837.90095759249,22807.582031535607
2138,23886.282881911004,21314.993869911395
2139,23018.62968499899,22512.94488145968
2140,23094.37117179832,20974.56231350418
2141,24142.404559872815,23678.44316147002
2142,22863.21881329704,21685.115896624106
2143,24625.81605135887,24357.46529331622
2144,22829.589225297343,22089.45767497751
2145,24230.8583250718,23026.783028994552
2146,21975.567014979162,20465.111690556056
2147,23934.71488260241,24185.183388979927
2148,23124.06149289542,22141.67478449911
2149,23421.503432100755,21514.12845508398
2150,24974.15959390094,23535.05697399604
2151,23448.626762201206,21307.096028238026
2152,23337.286301696327,25045.873287560076
2153,24190.543643398454,23844.180128294465
2154,24251.124735634465,19671.66993280663
2155,22639.648726218944,20775.027825777244
2156,22346.40637680353,22551.459802207384
2157,23546.266119403932,23580.402120700564
2158,23544.071142196728,22148.34828183237
2159,31929.632147028366,23445.45473489964
2160,23520.959880940227,24554.235076637236
2161,23855.320981800345,22339.80036760858
2162,24853.691865518842,23405.67153050105
2163,22458.219378684284,21332.21836930323
2164,21163.13346531225,19802.870100084125
2165,23625.331428598674,22600.027548615584
2166,23449.991017452736,23413.865490211367
2167,22748.152232989443,23907.36565410131
2168,22352.720477903775,20019.908786922308
2169,23044.149825940127,22286.703883497987
2170,23404.83437848105,22503.119894202933
2171,24031.48935350053,20875.74032791591
2172,24290.81723984119,19433.698416373616
2173,24537.137169595102,20104.838032667358
2174,23316.282882397514,20943.229711181644
2175,22724.860073877993,22124.62582877296
2176,19973.107193195658,22191.288700097568
2177,23743.499214328618,20163.031660327622
2178,22724.399024104052,24027.215500337374
2179,21876.143083499344,23750.692544000918
2180,22245.158177100726,22512.606220931477
2181,23302.785787903034,20390.38947754312
2182,22290.21574650155,21976.999346860583
2183,23268.88962260308,20988.9973532822
2184,24839.915102551895,23070.67580630163
2185,22822.594025012797,22379.798636510215
2186,23087.824362602427,22549.286780260998
2187,25198.428443396,24245.932807867513
2188,21591.37282665173,20344.42707842667
2189,23555.851249319963,23097.54082366677
2190,22310.427152402663,18786.278257643797
2191,21832.47900999805,22594.53644579868
2192,21347.14808237884,23177.869600489703
2193,22584.0207638492,22275.29746480224
2194,22851.645313800458,22685.674383455225
2195,21682.644054526114,23323.704537043974
2196,25533.979031397743,23481.990346595983
2197,22415.15356629598,23759.92575266189
2198,22653.660920003735,23789.7354179007
2199,23401.367967601684,22001.81211950572
2200,23571.701351896634,21404.481277720915
2201,25516.889235398343,22389.7721949524
2202,23998.602416550697,23994.90056747819
2203,22079.83554621398,25534.13083355206
2204,24575.262184098843,21659.46927336873
2205,23309.302709700387,23903.842930839073
2206,23522.697522795293,21512.15313726384
2207,24547.451013397167,21728.554065894667
2208,22757.409230099845,22715.81104701092
2209,22941.243986417936,23246.48841850015
2210,24399.48728249651,22145.573978860084
2211,23449.482571097815,23182.72616989949
2212,22499.3141850438,24416.6555971992
2213,21957.55828669518,21766.636740557246
2214,23945.286548348275,20644.914005420098
2215,23875.10212720101,22874.835490655776
2216,22417.899324300903,21351.86142165158
2217,24379.368532659264,22735.532306159243
2218,23268.2203626926,24292.278286607925
2219,22189.260087420796,28016.584946646068
2220,23162.301754340435,21772.122556866074
2221,22771.37051962189,19986.705676856905
2222,22026.43096909984,23616.520057997044
2223,20794.45032937774,22594.723052101737
2224,23552.62272305738,23805.104046296005
2225,26419.797105397163,23351.82850249914
2226,23066.361354997032,22934.71077109443
2227,26174.94013699904,23015.646888414718
2228,24522.816581304767,22326.653850589286
2229,24025.054253583316,19536.793299450084
2230,23336.88059208222,22708.05285304473
2231,24058.801824028567,22946.513750850972
2232,23863.419133822183,21807.659628778387
2233,23930.28657600201,23820.67745999614
2234,25042.668570194583,20744.39104478719
2235,22399.397335710484,22885.208686407856
2236,23161.23430110078,24562.742375497404
2237,22834.693439422674,22158.8962688012
2238,24020.840380002817,22005.023842042392
2239,24198.478916200693,22901.003664405212
2240,24379.65275520146,21143.003252537095
2241,22680.95889514701,21851.021384303225
2242,22380.81594730066,20278.17645802088
2243,20293.03059360286,23666.967773608238
2244,24738.18668860344,23813.58717244085
2245,22807.471437102045,23662.442426100755
2246,24520.234305502683,22328.271980847436
2247,23272.865241939206,22865.170017040422
2248,24621.685878099277,20636.541423576695
2249,24256.073788498597,22071.098581801278
2250,23292.83033030192,22982.150492772093
2251,21684.29023360179,23091.288803399882
2252,23876.99954783024,22150.592020360193
2253,23407.15180019933,21295.901488646334
2254,23905.22252593462,22314.318653238523
2255,24165.824344899516,24935.41187050052
2256,23112.478747799294,22566.70101234909
2257,23395.724206900766,22782.211061872822
2258,23947.92720012085,23607.391449100483
2259,22845.509166698605,22347.26678831155
2260,23053.730550609136,22353.25976240338
2261,24188.7482227031,22544.296667598872
2262,21630.382041998586,23323.48240380174
2263,24583.64988779423,22463.849171899772
2264,33691.4145601012,16159.476652701995
2265,22253.19408010009,21771.304170232248
2266,23925.90230549278,22542.00536310095
2267,24862.25236035732,22735.66033215115
2268,20948.666010735036,22235.287499511363
2269,20840.789066204197,21497.12500272355
2270,22344.543118785587,21068.835798072498
2271,23909.51317069634,21979.562187739815
2272,21287.715827101285,22860.676750136878
2273,24354.399391799045,27095.27725214584
2274,22252.836994164125,19948.621019071976
2275,23739.911887918253,22672.870146590398
2276,24019.7377071108,22310.60055210137
2277,23667.203940498322,22311.980151678414
2278,24722.600494694423,20714.24597759824
2279,22698.016260740475,22382.25613540604
2280,23021.42001808516,23831.088530636684
2281,24127.408880303483,21084.064744438903
2282,24247.338724447738,21860.52007566491
2283,23582.346897403073,22586.390224718747
2284,22771.29142573078,23253.059434701205
2285,23044.35807033837,22245.057053103505
2286,34760.42122990138,22574.09343703146
2287,23990.776570797865,21839.001631598847
2288,25666.443904601885,22428.444163698583
2289,21932.307972701874,19940.439529953415
2290,23980.529641038356,23155.718516256948
2291,22119.096959697286,21297.93615888561
2292,24399.45819570053,22267.965390350244
2293,23838.34649610256,20836.90760156516
2294,23655.95319145091,17880.547950752185
2295,23891.998394260772,21226.25441640245
2296,23080.870743097537,19599.893766853125
2297,21843.432971794813,20634.506793698903
2298,23169.825724200065,22562.320537189727
2299,24562.269227398272,23474.577815173372
2300,24095.462524629267,20062.372379996872
2301,23599.719547095967,24229.677199920803
2302,23857.493137375142,22586.565598064048
2303,23486.07295680497,20831.671831048985
2304,23821.038510560375,22699.85784723569
2305,25180.542159401663,23596.343946301255
2306,23990.52176979939,22691.4853646907
2307,24814.8080972004,22295.790846132633
2308,23924.758596493975,21843.08085331253
2309,23435.057554999483,22679.1485702114
2310,20801.364159209897,21410.207540196658
2311,22792.49207330276,22042.917111989016
2312,23236.54647849709,23999.84679100029
2313,24154.42459779716,24910.63433699971
2314,26796.643212910873,23521.046300073773
2315,25270.217346798647,20926.288268484226
2316,23104.500338037975,22322.689597595567
2317,25252.378742602054,22946.45770209905
2318,21490.50214851551,18562.471068255305
2319,23705.83894969805,21879.810757339186
2320,22607.826563740895,22894.78679104709
2321,22460.903492888294,24225.40350234409
2322,21578.15434469945,20971.621562101518
2323,23508.019851381316,21473.871358098604
2324,23463.558024224687,20721.513811344557
2325,25142.67895512752,24233.51832729454
2326,24408.929447097893,24008.048090888362
2327,21282.02325060212,24054.697465499372
2328,25814.18527946809,20795.406769209272
2329,21112.414923969834,22356.655635603533
2330,23151.099437299465,22350.12339713254
2331,23617.39076407798,22251.96188954674
2332,25363.13710529885,23245.080881337206
2333,22634.09134059145,23066.571364822375
2334,24890.5229611014,23654.356058047477
2335,21496.873538009637,23516.370378357948
2336,23911.884612898375,23945.7372205966
2337,23505.8481191084,23884.7159172977
2338,22828.905136322664,20053.83756640245
2339,23743.956250781077,23377.002359699534
2340,25038.80002090283,21982.88819237461
2341,22605.06747783462,22146.863217892183
2342,22750.160962739967,21583.59464574911
2343,25033.477905000007,22482.5142758793
2344,22956.942585265977,21509.167193813442
2345,22257.049007612863,23621.32715269242
2346,23951.64490832935,20155.563423380554
2347,24095.505928016475,23151.76762979822
2348,22616.797550398314,20034.87903082102
2349,26065.76675913254,24567.85049450165
2350,25042.3467456989,21497.894970917914
2351,24950.420406700658,23290.387688368985
2352,23351.528732922074,24244.918946846043
2353,23429.243143569965,23849.690205698826
2354,22217.4625668684,21126.26762820064
2355,23426.85548230311,25276.901797118408
2356,23867.783788094635,23933.561473198002
2357,21751.024222901193,24564.55482949969
2358,22249.908877828315,22597.600769052267
2359,23576.846551395527,23604.34336656034
2360,22462.810444550607,22771.630352519307
2361,25104.10748767053,21803.375438196283
2362,23122.895236197222,24341.391503498475
2363,23226.093427991967,23678.914473511555
2364,23324.705170597823,23344.749138028725
2365,23166.37208088144,21725.530334699215
2366,25722.47299699965,20355.826635361118
2367,29919.02811230048,23885.297877077188
2368,21749.18593479972,22487.12765841098
2369,20581.052490100526,22664.965524432777
2370,22357.866547802965,21371.61744521471
2371,23779.14569099675,20315.90334471387
2372,24837.490174231578,24026.270267153785
2373,24902.21320283837,24934.16914201015
2374,22715.158141571606,23285.08571919683
2375,22975.396276402793,20919.844549502664
2376,24528.862015299037,21302.28257467317
2377,22385.56860136361,21922.140313486943
2378,23671.013646501895,23135.58030760703
2379,23801.847525614525,20650.394999532426
2380,24086.19537366664,23186.169591710313
2381,25224.63109220067,21310.962843897083
2382,22291.29713140132,31077.08750486176
2383,23314.509287517063,20946.898952253046
2384,23384.53570340043,19197.236902144417
2385,0.0,0.0
2386,0.0,0.0
2387,0.0,0.0
2388,0.0,0.0
2389,0.0,0.0
2390,0.0,0.0
2391,0.0,0.0
2392,0.0,0.0
2393,0.0,0.0
2394,0.0,0.0
2395,0.0,0.0
2396,0.0,0.0
2397,0.0,0.0
2398,0.0,0.0
2399,0.0,0.0
